sqft_living;sqft_above;bathrooms;view;sqft_basement;bedrooms;floors;waterfront;sqft_lot;condition;price
1340;1340;1,5;0;0;3,0;1,5;0;7912;3;313000,0
3650;3370;2,5;4;280;5,0;2,0;0;9050;5;2384000,0
1930;1930;2,0;0;0;3,0;1,0;0;11947;4;342000,0
2000;1000;2,25;0;1000;3,0;1,0;0;8030;4;420000,0
1940;1140;2,5;0;800;4,0;1,0;0;10500;4;550000,0
880;880;1,0;0;0;2,0;1,0;0;6380;3;490000,0
1350;1350;2,0;0;0;2,0;1,0;0;2560;3;335000,0
2710;2710;2,5;0;0;4,0;2,0;0;35868;3;482000,0
2430;1570;2,5;0;860;3,0;1,0;0;88426;4;452500,0
1520;1520;2,0;0;0;4,0;1,5;0;6200;3;640000,0
1710;1710;1,75;0;0;3,0;1,0;0;7320;3;463000,0
2920;1910;2,5;0;1010;4,0;1,5;0;4000;5;1400000,0
2330;1970;1,75;0;360;3,0;1,0;0;14892;3;588500,0
1090;1090;1,0;0;0;3,0;1,0;0;6435;4;365000,0
2910;2910;2,75;0;0;5,0;1,5;0;9480;3;1200000,0
1200;1200;1,5;0;0;3,0;1,0;0;9720;4;242500,0
1570;1570;1,5;0;0;3,0;1,0;0;6700;4;419000,0
3110;3110;3,0;0;0;4,0;2,0;0;7231;3;367500,0
1370;1370;1,75;0;0;3,0;1,0;0;5858;3;257950,0
1180;1180;1,5;0;0;3,0;1,0;0;10277;3;275000,0
2240;1550;1,75;0;690;3,0;2,0;0;10578;5;750000,0
1450;1450;1,0;0;0;4,0;1,0;0;8800;4;435000,0
1750;1470;2,25;0;280;3,0;2,5;0;1572;3;626000,0
2730;2730;2,5;0;0;4,0;2,0;0;12261;3;612500,0
1600;1130;1,75;0;470;4,0;1,0;0;6380;3;495000,0
2090;1360;2,5;0;730;3,0;1,0;0;10834;4;285000,0
2360;1360;1,75;0;1000;3,0;1,0;0;7291;4;615000,0
2200;1300;2,25;0;900;4,0;1,5;0;11250;5;698000,0
2820;2820;2,5;0;0;5,0;2,0;0;67518;3;675000,0
2600;1700;2,5;0;900;3,0;1,0;0;4750;4;790000,0
1560;1560;1,75;0;0;4,0;1,0;0;8700;4;382500,0
2860;2190;2,5;0;670;4,0;2,0;0;3345;3;499950,0
1820;1640;2,0;1;180;4,0;1,5;0;5000;3;650000,0
2820;2820;2,5;0;0;4,0;2,0;0;8408;3;625000,0
3630;2300;2,5;0;1330;4,0;1,5;0;42884;3;400000,0
3240;3240;2,5;2;0;3,0;2,0;0;33151;3;604000,0
800;800;1,0;0;0;2,0;1,0;0;4850;4;440000,0
1850;1090;3,0;0;760;3,0;1,0;0;19966;4;287200,0
1960;1650;2,0;2;310;3,0;1,0;0;13100;5;403000,0
2390;1440;2,5;2;950;3,0;1,0;0;6550;4;750000,0
1580;1580;2,25;0;0;3,0;1,0;0;16215;4;335000,0
1480;1480;2,0;0;0;4,0;1,0;0;8625;4;260000,0
850;850;1,0;0;0;2,0;1,0;0;6174;4;308500,0
1770;1770;2,5;0;0;3,0;2,0;0;2875;3;439950,0
1210;1210;1,0;0;0;2,0;1,0;0;9400;2;235000,0
1160;1160;1,0;0;0;3,0;1,0;0;9180;3;315000,0
1970;1970;2,25;0;0;3,0;2,0;0;35100;4;437500,0
1930;1930;2,5;0;0;3,0;2,0;0;10460;3;407500,0
1270;1270;2,5;0;0;3,0;3,0;0;1180;3;445700,0
3310;3310;2,5;0;0;4,0;2,0;0;42998;3;838000,0
2710;2710;2,75;0;0;4,0;2,0;0;37277;3;630000,0
2910;2910;1,75;0;0;3,0;1,5;0;35200;3;550000,0
2710;1880;2,0;0;830;3,0;1,5;0;4500;4;805000,0
1800;1800;1,75;0;0;3,0;1,0;0;23103;3;284000,0
2210;1460;2,5;0;750;5,0;1,0;0;9655;3;470000,0
1920;1070;1,5;0;850;4,0;1,0;0;10000;4;430000,0
2190;2190;1,75;2;0;4,0;1,0;0;125452;3;491500,0
3660;3660;3,25;2;0;5,0;2,0;0;11995;3;785000,0
1320;1040;3,25;0;280;3,0;2,0;0;1327;3;385000,0
1630;1280;2,5;0;350;2,0;2,0;0;1368;3;295000,0
3310;3310;2,5;0;0;4,0;2,0;0;6500;3;555000,0
2680;2680;2,5;0;0;3,0;2,0;0;5539;3;459990,0
2730;1560;3,25;0;1170;4,0;1,0;0;54014;3;625000,0
2540;2540;2,5;0;0;3,0;2,0;0;5050;3;300000,0
2920;2920;2,75;0;0;4,0;2,0;0;6605;3;625000,0
900;900;1,0;0;0;2,0;1,0;0;5000;3;553000,0
1650;1130;2,5;0;520;3,0;1,0;0;14054;4;379880,0
1010;1010;1,0;0;0;3,0;1,0;0;9945;4;310000,0
2680;2680;2,5;0;0;2,0;1,0;0;7392;3;775000,0
2200;1570;2,5;0;630;3,0;1,0;0;7350;5;365000,0
2530;2010;2,5;2;520;4,0;2,0;0;9933;3;331950,0
2850;1990;2,5;0;860;3,0;2,0;0;7130;3;783500,0
2280;1140;2,0;0;1140;4,0;1,0;0;6010;3;628000,0
1900;1900;2,5;0;0;3,0;2,0;0;8744;3;560000,0
1330;1330;1,0;0;0;3,0;1,0;0;77972;3;900000,0
1270;1110;3,0;0;160;2,0;2,0;0;1175;3;531000,0
2170;1610;3,0;0;560;4,0;2,0;0;4000;4;831000,0
2730;2730;2,5;2;0;4,0;2,0;0;10281;3;780000,0
2120;1620;2,5;0;500;4,0;1,0;0;10202;4;755000,0
2490;2490;2,5;0;0;3,0;2,0;0;4343;3;705380,0
1990;1210;2,25;0;780;4,0;1,0;0;7712;3;627000,0
3690;3690;3,0;0;0;4,0;2,0;0;9892;3;865000,0
2540;1320;1,0;0;1220;2,0;1,0;0;7000;5;580000,0
1800;1360;2,25;0;440;3,0;1,0;0;36704;4;410000,0
2340;1340;3,0;0;1000;4,0;1,0;0;7048;4;485000,0
2110;2110;1,75;0;0;2,0;1,0;0;9519;2;400000,0
1140;1140;1,0;0;0;2,0;1,0;0;5400;5;549000,0
1480;1480;1,75;0;0;3,0;2,5;0;2185;3;620000,0
1410;1140;3,0;0;270;2,0;2,0;0;1240;3;405000,0
1200;1200;1,0;0;0;2,0;1,0;0;8063;4;232000,0
3180;3180;2,5;0;0;5,0;2,0;0;13806;4;800866,0
2160;1400;1,5;2;760;3,0;1,0;0;9000;4;650000,0
2920;2780;1,75;0;140;6,0;2,5;0;5000;4;823000,0
2350;1810;2,0;0;540;3,0;1,5;0;5700;4;770000,0
1560;780;1,75;0;780;3,0;1,0;0;5520;4;524000,0
2740;1370;2,75;0;1370;5,0;1,0;0;8426;4;541125,0
1680;1680;2,5;0;0;3,0;3,0;0;2000;3;670000,0
3090;1750;2,5;0;1340;5,0;1,0;0;12750;3;384900,0
1410;1410;2,25;0;0;3,0;3,0;0;1332;3;406100,0
4010;2850;3,5;1;1160;5,0;2,0;0;8510;5;1395000,0
3180;3180;2,5;3;0;4,0;2,0;0;21904;3;736500,0
2010;1330;2,25;0;680;3,0;1,0;0;6000;3;570000,0
1330;1330;1,75;0;0;3,0;1,0;0;7500;3;787000,0
2370;2370;2,5;0;0;4,0;2,0;0;6500;3;328000,0
1840;1540;2,0;0;300;5,0;1,0;0;9240;4;435000,0
2910;2910;2,5;0;0;4,0;2,0;0;6479;3;499000,0
2070;1160;1,0;0;910;4,0;1,0;0;7519;3;501000,0
4340;4340;2,5;0;0;4,0;2,5;0;141570;3;1090000,0
840;840;1,0;0;0;2,0;1,0;0;5510;3;400000,0
1240;1240;1,5;0;0;4,0;1,0;0;9600;3;220000,0
1390;1050;1,0;0;340;4,0;1,0;0;4240;3;657100,0
2310;2310;2,75;0;0;4,0;2,0;0;5000;3;309950,0
1050;1050;2,0;0;0;3,0;1,0;0;10072;3;300000,0
2550;1810;1,75;0;740;5,0;1,0;0;71874;5;525888,0
2010;2010;1,75;0;0;4,0;1,5;0;3600;3;740000,0
1120;1120;1,0;0;0;5,0;1,5;0;9022;4;340000,0
2230;2230;2,5;0;0;3,0;2,0;0;4000;3;398750,0
810;810;1,0;0;0;2,0;1,0;0;7158;5;206000,0
3190;1690;2,75;3;1500;5,0;1,0;0;16920;3;1030000,0
1670;1670;1,75;0;0;3,0;1,0;0;39639;4;600000,0
1970;1140;1,75;0;830;4,0;1,0;0;9389;5;379950,0
1450;1450;1,0;0;0;3,0;1,0;0;6000;4;287000,0
13540;9410;8,0;4;4130;7,0;3,0;0;307752;3;2280000,0
1880;1880;2,5;0;0;3,0;2,0;0;7838;3;309950,0
1880;1040;1,75;0;840;3,0;1,0;0;6360;4;600000,0
1410;1410;2,0;0;0;3,0;1,5;0;6030;4;418000,0
1480;1480;2,0;0;0;4,0;1,5;0;3844;5;449250,0
1140;1140;1,0;0;0;2,0;1,5;0;5250;4;329950,0
1920;1000;1,75;0;920;3,0;1,0;0;9306;3;245000,0
2910;2910;2,5;0;0;4,0;2,0;0;6338;3;549000,0
3240;3240;2,5;0;0;3,0;2,0;0;7857;3;800000,0
1550;1550;2,0;0;0;3,0;1,0;0;15040;4;249950,0
2050;1430;2,0;0;620;5,0;1,0;0;10200;3;210000,0
2220;2220;2,5;0;0;2,0;2,0;0;4000;3;1425000,0
1770;1520;1,0;0;250;2,0;1,5;0;8640;3;585000,0
2300;1960;1,75;0;340;4,0;1,0;0;11700;4;615000,0
1800;1080;2,0;0;720;3,0;1,0;0;5000;4;618500,0
2010;1470;1,75;0;540;4,0;1,0;0;9211;3;487585,0
1790;1790;2,5;0;0;3,0;2,0;0;2700;3;509900,0
2440;2440;2,5;0;0;4,0;2,0;0;6651;3;631625,0
1940;1940;2,5;0;0;3,0;2,0;0;3211;3;555000,0
1160;1160;1,5;0;0;2,0;2,0;0;1438;3;340000,0
3400;3400;2,5;0;0;4,0;2,0;0;9692;3;830000,0
4420;3410;4,25;0;1010;4,0;2,0;0;5750;3;890000,0
1571;1571;3,0;0;0;3,0;3,0;0;2017;3;366750,0
1620;1540;2,25;0;80;3,0;2,5;0;998;3;415000,0
1408;1408;2,5;0;0;3,0;3,0;0;989;3;416286,0
3040;3040;2,5;0;0;3,0;2,0;0;4535;3;478000,0
4490;3200;3,5;0;1290;5,0;2,0;0;6000;3;890000,0
1590;1590;2,5;0;0;2,0;2,0;0;1426;3;419190,0
2450;2450;2,5;0;0;4,0;2,0;0;4247;3;712198,0
1440;1200;2,0;0;240;4,0;1,0;0;7680;3;397000,0
1100;1100;2,0;0;0;2,0;1,5;0;3000;3;450000,0
1350;860;1,0;0;490;3,0;1,0;0;7740;4;353000,0
2150;2150;2,5;0;0;4,0;2,0;0;37981;3;609000,0
1490;1010;1,75;0;480;3,0;1,0;0;8366;4;234000,0
2000;2000;2,0;0;0;3,0;2,0;0;7000;3;561000,0
1030;1030;1,0;0;0;2,0;1,0;0;4400;3;469000,0
720;720;1,0;0;0;2,0;1,0;0;6687;3;329350,0
2020;2020;2,0;0;0;5,0;1,5;0;5000;4;488000,0
1580;1100;1,75;1;480;3,0;1,0;0;8151;4;279900,0
2110;2110;2,5;0;0;4,0;2,0;0;13850;3;606000,0
1300;1300;2,0;0;0;4,0;1,0;0;7054;3;312000,0
1630;1160;1,5;1;470;3,0;1,0;0;7475;3;650000,0
3370;1970;2,75;3;1400;4,0;1,0;0;8103;3;1135000,0
1890;980;2,5;0;910;4,0;1,0;0;6156;3;325000,0
1520;1520;2,0;0;0;4,0;1,0;0;7983;5;425000,0
900;900;1,0;0;0;2,0;1,0;0;5160;3;219000,0
1050;1050;1,0;0;0;3,0;1,0;0;6874;3;250000,0
1260;1260;1,75;0;0;3,0;1,0;0;6500;4;390000,0
3470;3470;3,0;0;0;6,0;1,5;0;117612;3;475000,0
2290;2290;2,5;0;0;4,0;2,0;0;12047;4;736000,0
2810;1710;2,25;1;1100;4,0;1,0;0;23400;3;407000,0
1650;1650;2,5;0;0;3,0;2,0;0;13816;3;272000,0
1640;1140;2,25;0;500;3,0;1,0;0;14374;4;362000,0
1850;1850;2,5;0;0;3,0;2,0;0;10109;3;535000,0
2000;2000;2,5;0;0;4,0;2,0;0;5390;3;284000,0
1410;1410;1,5;0;0;3,0;1,0;0;9647;3;367500,0
1500;1000;1,75;0;500;4,0;1,0;0;11600;4;379900,0
2460;2460;2,5;0;0;3,0;2,0;0;54885;4;520000,0
1010;1010;1,0;0;0;3,0;1,0;0;7034;3;175000,0
1230;1020;2,25;0;210;2,0;2,0;0;929;3;460000,0
2331;2331;2,5;0;0;4,0;2,0;0;3826;3;345000,0
2240;1340;2,5;0;900;5,0;1,0;0;7770;3;455000,0
2450;1580;3,0;0;870;4,0;1,0;0;10117;5;610000,0
3100;2400;3,0;0;700;4,0;2,0;0;15480;3;563000,0
2060;1030;2,0;0;1030;4,0;1,0;0;5000;3;612500,0
1850;1320;1,75;0;530;3,0;1,0;0;7684;3;218000,0
1840;960;1,75;0;880;4,0;1,0;0;10720;3;404000,0
3740;3740;2,0;0;0;4,0;2,0;0;32417;3;860000,0
1420;1420;1,5;0;0;3,0;1,0;0;8580;3;136500,0
1510;860;1,0;0;650;3,0;1,0;0;6083;4;313950,0
2130;1170;1,75;2;960;3,0;1,0;0;6500;3;575000,0
3490;2280;2,25;0;1210;4,0;2,0;0;6906;4;1225000,0
1630;1630;1,75;0;0;3,0;1,0;0;11800;4;280000,0
1790;1790;2,5;0;0;3,0;2,0;0;7167;3;515000,0
2000;2000;2,5;0;0;4,0;2,0;0;5684;3;513000,0
2260;1400;2,25;0;860;4,0;2,0;0;29930;4;599000,0
3030;3030;2,5;0;0;4,0;2,0;0;7864;3;685000,0
1310;1310;1,5;0;0;3,0;1,0;0;8160;3;365000,0
3880;3880;2,5;0;0;4,0;2,0;0;14550;3;762300,0
3760;2400;3,25;0;1360;4,0;1,5;0;10920;5;1580000,0
3040;3040;2,25;0;0;5,0;2,0;0;8111;3;562000,0
2910;1690;2,5;0;1220;5,0;1,0;0;9636;4;530000,0
2970;1770;2,5;0;1200;3,0;1,0;0;11985;3;525000,0
1660;1160;1,75;0;500;2,0;1,0;0;6000;3;484000,0
3200;3200;2,5;0;0;4,0;2,0;0;12369;3;725126,0
2680;2680;2,0;0;0;4,0;1,0;0;18768;5;360000,0
1230;1230;1,0;0;0;3,0;1,0;0;9568;5;387000,0
2740;2740;2,5;0;0;4,0;2,0;0;45732;3;483500,0
3380;3380;3,5;0;0;4,0;2,0;0;8330;3;655500,0
1110;1110;1,0;0;0;3,0;1,0;0;6250;3;345000,0
1800;1400;2,75;0;400;5,0;1,5;0;3780;3;533000,0
1900;1280;1,75;0;620;3,0;1,0;0;5520;3;385000,0
930;930;1,0;2;0;2,0;1,0;0;36478;3;675000,0
1690;1060;1,75;0;630;3,0;1,0;0;7735;4;197000,0
1420;1420;2,0;0;0;3,0;1,5;0;4080;3;485000,0
4510;4510;4,0;0;0;5,0;2,0;0;15175;3;1870000,0
1980;1560;2,25;0;420;3,0;1,0;0;8000;4;295000,0
1170;740;1,75;0;430;2,0;1,0;0;2400;4;499000,0
2200;1610;2,5;0;590;3,0;2,0;0;1970;3;1050000,0
800;800;1,5;0;0;3,0;1,0;0;8850;4;191000,0
1480;1480;2,5;0;0;3,0;3,0;0;1171;3;500000,0
2890;1310;3,75;0;1580;5,0;1,0;0;5000;3;390000,0
2690;2690;2,5;0;0;3,0;3,0;0;4047;3;979000,0
3569;3569;3,25;0;0;4,0;2,0;0;8327;3;580000,0
1270;1270;2,0;0;0;3,0;3,0;0;1320;3;369950,0
4490;3930;5,0;0;560;5,0;2,0;0;10279;3;1800000,0
3040;3040;2,5;0;0;4,0;2,0;0;6425;3;776000,0
1170;1170;2,25;0;0;3,0;3,0;0;1249;3;519950,0
2060;1030;2,25;0;1030;5,0;1,0;0;8632;3;255000,0
990;990;1,0;0;0;3,0;1,0;0;6000;3;495000,0
2430;2430;2,5;0;0;4,0;2,0;0;5203;3;510000,0
4460;4460;4,0;0;0;4,0;2,0;0;103382;3;1150000,0
1250;1250;1,75;0;0;3,0;1,0;0;10122;3;253000,0
1540;1210;2,75;0;330;3,0;1,0;0;6760;5;503000,0
1600;1600;2,5;0;0;3,0;2,0;0;7000;4;275000,0
1110;1110;1,0;0;0;3,0;1,0;0;8423;3;249000,0
1840;1220;1,75;0;620;3,0;1,0;0;10723;4;310000,0
2520;1360;2,75;0;1160;3,0;1,0;0;5401;4;750000,0
2680;2680;2,5;0;0;3,0;2,0;0;327135;3;630000,0
3830;2450;4,5;0;1380;9,0;2,5;0;6988;3;599999,0
2410;1780;2,75;0;630;4,0;1,0;0;9549;4;758000,0
1720;1720;1,75;0;0;4,0;1,0;0;10018;5;248500,0
2070;1420;1,75;0;650;3,0;1,0;0;37904;4;310000,0
1760;1760;2,0;0;0;3,0;2,0;0;9055;4;460000,0
1680;1680;1,75;0;0;3,0;1,0;0;10500;4;675000,0
1550;1550;2,0;0;0;2,0;1,5;0;2400;4;526000,0
4120;3180;3,0;2;940;3,0;2,0;0;60392;3;560000,0
1830;1830;3,0;0;0;4,0;2,0;0;9548;3;415000,0
1400;1400;1,0;0;0;3,0;1,0;0;7410;3;246000,0
1870;1870;1,75;0;0;3,0;1,0;0;12381;4;314500,0
6210;4760;4,5;2;1450;7,0;2,5;0;8856;5;3200000,0
1040;1040;1,5;0;0;2,0;1,5;0;3500;4;420000,0
2720;2720;1,75;0;0;3,0;1,5;0;149410;3;535000,0
1010;1010;1,0;0;0;3,0;1,0;0;9360;3;350000,0
1580;1210;1,75;1;370;3,0;1,0;0;9147;4;515000,0
2600;1960;2,75;0;640;4,0;2,0;0;6050;5;749950,0
1920;1920;2,5;0;0;3,0;2,0;0;9180;3;230000,0
2350;1780;2,0;0;570;3,0;1,5;0;5080;3;568000,0
1100;820;1,0;0;280;1,0;1,0;0;4373;2;250000,0
2510;1280;2,0;0;1230;4,0;1,0;0;13695;4;581000,0
3240;3240;2,5;0;0;3,0;2,0;0;108366;4;651000,0
2460;1860;2,5;0;600;3,0;1,0;0;108900;4;600000,0
1010;1010;1,0;0;0;2,0;1,5;0;3885;4;500000,0
820;820;1,0;0;0;2,0;1,0;0;2723;3;475000,0
2420;1620;2,5;2;800;5,0;1,0;0;8560;3;352000,0
1770;1770;2,25;0;0;3,0;2,0;0;8165;3;420000,0
1350;1350;2,0;0;0;2,0;1,0;0;3900;3;428000,0
1960;1090;1,75;0;870;3,0;1,0;0;4788;4;599000,0
3305;2245;2,5;0;1060;4,0;1,5;0;16164;5;492000,0
2550;1720;2,25;0;830;2,0;1,0;0;5663;3;630000,0
4130;3170;3,75;0;960;5,0;2,0;0;226076;3;900000,0
2310;1890;1,5;0;420;4,0;1,0;0;13300;3;1110000,0
1650;1650;2,0;0;0;4,0;1,0;0;5000;3;575000,0
2650;1520;2,5;0;1130;4,0;1,5;0;4316;3;705000,0
1890;1470;2,25;1;420;4,0;1,0;0;5940;3;940000,0
2190;2190;1,75;0;0;3,0;1,0;0;8000;4;313000,0
2030;2030;2,5;0;0;3,0;2,0;0;6500;3;618080,0
2270;2130;3,0;0;140;3,0;2,0;0;5175;3;640000,0
1610;1010;2,0;0;600;3,0;1,0;0;4160;4;485000,0
760;760;1,0;0;0;2,0;1,0;0;3001;3;300000,0
1640;840;1,0;0;800;2,0;1,0;0;17335;3;379500,0
1630;1630;2,25;0;0;3,0;2,0;0;12295;4;339950,0
3560;3560;2,5;0;0;6,0;2,5;0;6480;4;1500000,0
2960;2440;3,0;2;520;3,0;2,0;0;5500;3;1340000,0
1940;1940;2,5;0;0;3,0;1,0;0;37565;4;500000,0
1410;1410;2,0;0;0;3,0;1,0;0;7566;3;239900,0
1040;1040;1,0;0;0;3,0;1,0;0;16986;4;314950,0
820;820;1,0;0;0;2,0;1,0;0;6400;4;361280,0
910;910;1,0;0;0;2,0;1,0;0;22000;3;100000,0
3700;3700;5,75;1;0;7,0;2,0;0;7647;3;540000,0
2180;2180;2,5;0;0;4,0;1,0;0;11200;4;480500,0
1600;1600;2,5;0;0;3,0;2,0;0;4271;3;280000,0
1500;1060;1,75;0;440;3,0;1,0;0;6180;4;440000,0
1340;1080;1,0;0;260;3,0;1,0;0;4284;3;530000,0
1860;1860;2,0;0;0;3,0;1,0;0;13374;3;560000,0
2540;1600;2,0;3;940;3,0;1,5;0;7200;4;775000,0
1040;1040;1,0;0;0;2,0;1,0;0;13100;5;160000,0
1380;1380;1,5;0;0;3,0;1,0;0;11130;3;209950,0
1640;1130;1,75;0;510;3,0;1,0;0;10762;3;226500,0
3000;1500;1,75;0;1500;5,0;1,0;0;6000;5;380000,0
2140;1320;2,75;0;820;4,0;1,0;0;13000;3;409500,0
1760;980;2,0;0;780;3,0;1,0;0;6428;4;690000,0
1660;1660;2,25;0;0;3,0;1,0;0;8307;4;405000,0
1830;1830;2,5;0;0;3,0;2,0;0;13042;3;375000,0
2210;1210;2,0;1;1000;4,0;1,0;0;8556;4;794154,0
1490;1490;1,0;0;0;4,0;1,0;0;6600;3;185000,0
1260;1040;1,5;0;220;3,0;2,0;0;1270;3;245000,0
4270;3400;4,5;0;870;5,0;2,0;0;8076;3;1532500,0
3900;3900;3,5;0;0;4,0;2,0;0;8391;3;1040000,0
1150;1150;2,5;0;0;2,0;3,0;0;1027;3;425000,0
2656;2656;2,75;0;0;4,0;2,0;0;21195;3;495000,0
2410;1410;2,75;0;1000;5,0;1,0;0;5003;3;365000,0
1606;1606;2,25;0;0;3,0;3,0;0;1452;3;417250,0
820;820;1,0;0;0;2,0;3,0;0;681;3;339950,0
1540;820;1,0;0;720;2,0;1,0;0;6872;4;615000,0
2090;2090;2,75;0;0;3,0;2,0;0;8354;3;403000,0
3160;1780;2,5;0;1380;5,0;1,0;0;11470;4;980000,0
1730;1230;1,75;0;500;4,0;1,0;0;8320;3;258000,0
1670;1170;1,0;0;500;3,0;1,0;0;4080;3;533000,0
2550;2550;2,5;0;0;4,0;2,0;0;4630;3;537500,0
3040;1970;3,0;0;1070;5,0;1,0;0;9601;5;830000,0
1250;1150;1,0;0;100;3,0;1,5;0;4620;4;712000,0
2020;2020;2,5;0;0;4,0;2,0;0;6236;3;262000,0
2660;2660;2,5;2;0;4,0;2,0;0;5500;3;753888,0
980;980;1,5;0;0;2,0;2,0;0;5000;3;134000,0
1960;1290;2,5;0;670;3,0;1,0;0;8000;4;402000,0
720;720;1,0;0;0;2,0;1,0;0;5040;3;205000,0
1360;1050;2,5;0;310;2,0;2,0;0;1349;3;553650,0
1870;1870;2,0;0;0;2,0;1,0;0;4950;3;559950,0
2130;1100;1,5;0;1030;4,0;1,0;0;8800;3;260000,0
1810;1810;2,5;0;0;4,0;2,0;0;6509;3;270000,0
2200;1100;1,75;0;1100;2,0;1,0;0;89298;3;295000,0
1690;1690;2,5;1;0;3,0;1,5;0;4500;4;719000,0
1940;1460;2,5;0;480;3,0;1,0;0;8547;3;266000,0
2320;2320;2,5;0;0;4,0;2,0;0;6270;3;325900,0
2060;1160;1,75;0;900;4,0;1,0;0;26036;4;647500,0
3410;2190;1,0;0;1220;4,0;2,0;0;5000;5;1039000,0
2250;2250;2,25;0;0;4,0;2,0;0;41688;3;569000,0
1390;1390;1,75;0;0;3,0;1,0;0;7399;4;246000,0
1060;1060;1,0;0;0;2,0;1,0;0;4960;3;515000,0
1490;1490;1,0;0;0;3,0;1,0;0;8995;4;207000,0
2480;1390;1,75;0;1090;4,0;1,0;0;9195;3;780000,0
2440;2440;2,25;0;0;5,0;1,5;0;20828;4;489990,0
2240;1480;1,5;0;760;3,0;1,5;0;87625;2;335000,0
1920;1920;2,5;0;0;3,0;2,0;0;7229;3;295000,0
1890;1230;1,75;0;660;3,0;1,0;0;9920;3;385000,0
2250;2150;1,75;0;100;4,0;1,0;0;13515;4;350000,0
1270;650;1,0;0;620;2,0;1,0;0;3008;4;235000,0
960;960;1,5;0;0;2,0;2,0;0;1808;3;358000,0
3290;3290;2,5;0;0;4,0;2,0;0;6465;3;716500,0
2000;1100;1,75;0;900;4,0;1,0;0;6120;3;228000,0
1020;1020;1,0;0;0;2,0;1,0;0;8155;4;405000,0
1840;1220;1,75;0;620;4,0;1,0;0;9600;3;538000,0
1980;1980;1,75;0;0;3,0;1,0;0;6760;4;530000,0
3510;3510;3,0;0;0;6,0;2,5;0;5760;4;1750000,0
1230;1230;1,75;0;0;2,0;1,5;0;3600;5;636000,0
2280;2280;2,5;0;0;4,0;2,0;0;65836;3;535000,0
2430;1340;1,75;2;1090;3,0;1,0;0;12757;4;1500000,0
2920;2920;2,5;0;0;3,0;3,0;0;3942;3;868500,0
2280;1540;2,75;0;740;4,0;1,5;0;2850;4;530000,0
1510;1510;2,0;0;0;3,0;1,0;0;43560;3;450000,0
950;790;1,75;0;160;3,0;1,0;0;6000;3;230000,0
1190;1190;2,5;0;0;3,0;2,0;0;3000;3;229000,0
1310;1310;1,75;0;0;3,0;1,0;0;9282;4;437000,0
2800;1910;3,25;0;890;5,0;1,5;0;3200;5;1307000,0
1750;1750;2,5;0;0;3,0;2,0;0;3354;4;595000,0
1320;1320;1,75;0;0;3,0;1,5;0;5750;5;660000,0
2460;2460;2,5;0;0;4,0;2,0;0;7350;3;347500,0
1240;1240;2,0;0;0;3,0;1,0;0;10800;3;297950,0
1260;1260;1,5;0;0;3,0;1,0;0;7964;4;245000,0
2820;1970;2,25;2;850;6,0;1,5;0;15600;5;543200,0
3820;3310;3,25;1;510;4,0;2,0;0;24166;4;1250000,0
1540;1470;2,5;0;70;3,0;3,0;0;1614;3;413450,0
1550;1550;2,0;0;0;2,0;1,5;0;435600;2;330000,0
1460;1460;1,75;0;0;3,0;1,0;0;7700;3;424500,0
1390;1390;1,0;0;0;3,0;1,0;0;16000;4;230000,0
2640;1840;3,25;0;800;3,0;2,0;0;4080;3;930000,0
1590;1590;1,75;0;0;3,0;1,0;0;9620;3;349000,0
1910;1910;2,0;0;0;4,0;1,5;0;6960;5;835000,0
2015;2015;2,75;4;0;3,0;2,0;1;16807;3;988500,0
1410;1410;1,75;0;0;3,0;3,0;0;1197;3;500000,0
1110;930;1,5;0;180;2,0;2,0;0;957;3;499000,0
860;860;1,25;0;0;2,0;2,0;0;1277;3;321950,0
2310;2310;2,5;0;0;3,0;2,0;0;4729;3;494000,0
1020;1020;1,5;0;0;2,0;3,0;0;1060;3;441750,0
980;980;1,0;0;0;2,0;2,0;0;1179;3;438000,0
4230;4230;2,25;0;0;4,0;2,0;0;37769;3;985000,0
1640;1640;2,25;0;0;3,0;1,0;0;11050;4;352000,0
3810;2560;3,5;1;1250;4,0;1,0;0;13592;3;839900,0
2790;2790;2,75;0;0;4,0;2,0;0;10819;3;765000,0
1750;1050;1,75;0;700;4,0;1,5;0;5500;5;460000,0
1430;1430;1,0;0;0;4,0;1,5;0;8355;4;224500,0
1850;1850;2,5;0;0;3,0;2,0;0;4597;3;254000,0
960;960;1,0;0;0;2,0;1,0;0;28717;4;255000,0
2480;1620;3,0;0;860;3,0;1,0;0;45302;4;610000,0
3750;3750;3,0;0;0;4,0;2,0;0;11025;3;920000,0
2600;2600;2,5;0;0;4,0;2,0;0;11951;3;402500,0
1390;840;1,75;3;550;3,0;1,0;0;8700;4;280950,0
2260;2260;2,5;0;0;4,0;2,0;0;7753;3;604000,0
2470;2470;2,25;0;0;4,0;2,0;0;7447;3;565000,0
810;810;1,0;0;0;2,0;1,0;0;7980;1;255000,0
1650;1000;2,0;0;650;4,0;1,0;0;6000;5;445000,0
3000;3000;2,25;4;0;3,0;1,5;1;11665;3;2400000,0
720;720;1,0;0;0;2,0;1,0;0;18000;3;195000,0
1390;1390;1,5;0;0;3,0;1,0;0;48257;3;275000,0
1445;1300;2,25;0;145;3,0;2,0;0;1606;3;387000,0
1840;1130;1,0;0;710;2,0;1,5;0;3300;4;490000,0
2100;2100;2,5;2;0;3,0;2,0;0;5824;3;505000,0
1060;1060;1,5;0;0;3,0;1,0;0;10464;4;303500,0
1500;1500;1,5;0;0;3,0;1,0;0;6337;5;270000,0
1970;1170;2,75;0;800;4,0;1,0;0;7213;3;323000,0
1410;1410;3,25;0;0;3,0;3,0;0;1253;3;382000,0
3720;1960;2,75;4;1760;4,0;1,0;0;9450;5;1370000,0
2190;1180;2,0;0;1010;4,0;1,0;0;14439;4;280000,0
1920;1510;2,0;0;410;3,0;1,0;0;8075;4;260000,0
1160;1160;1,0;0;0;3,0;1,0;0;8320;4;201500,0
5860;4910;4,25;0;950;4,0;2,0;0;52889;4;1157200,0
2000;1450;1,75;0;550;4,0;1,5;0;4000;5;536500,0
2163;2163;3,0;0;0;4,0;2,0;0;5883;3;248000,0
3480;2340;3,0;0;1140;5,0;1,0;0;57499;4;532000,0
2840;2840;2,5;0;0;4,0;2,0;0;6268;3;580000,0
1150;1150;1,0;0;0;2,0;1,0;0;4400;4;463000,0
3100;2000;2,75;0;1100;4,0;2,0;0;3773;3;742500,0
1420;1020;2,5;0;400;3,0;1,0;0;14850;4;260000,0
2430;2430;2,25;0;0;4,0;1,0;0;32496;3;590000,0
1930;1430;2,25;0;500;4,0;1,0;0;7452;3;312000,0
1660;1370;2,25;0;290;3,0;1,0;0;10140;4;566000,0
1400;1400;2,0;0;0;3,0;1,0;0;7293;4;511555,0
2660;2660;2,5;0;0;4,0;2,0;0;4000;3;583000,0
2000;1200;2,5;0;800;4,0;1,0;0;13300;4;290000,0
2130;1380;2,25;0;750;4,0;1,0;0;8078;4;311100,0
1352;1352;2,25;0;0;3,0;3,0;0;1694;3;325000,0
1750;1300;1,75;1;450;3,0;1,0;0;11340;4;491300,0
2320;1160;1,75;0;1160;5,0;1,0;0;8100;4;315000,0
1420;1180;1,0;0;240;2,0;1,0;0;81892;3;360000,0
1940;1940;2,5;0;0;4,0;2,0;0;3784;3;330000,0
1410;1410;2,0;0;0;3,0;1,0;0;4800;3;481450,0
1360;1360;1,0;0;0;3,0;1,0;0;9948;3;234950,0
1220;1220;1,75;0;0;3,0;1,0;0;7250;3;251000,0
2830;1980;2,5;0;850;4,0;2,0;0;20345;3;782000,0
3780;3780;2,75;0;0;4,0;2,0;0;10308;3;833000,0
2330;2330;2,5;0;0;4,0;2,0;0;14289;4;542500,0
3560;3560;2,5;0;0;3,0;2,0;0;107290;3;851000,0
1470;1470;1,5;0;0;4,0;1,0;0;70800;3;325000,0
3060;3060;2,25;0;0;4,0;2,0;0;48787;3;415000,0
1030;880;1,0;0;150;3,0;1,0;0;6127;3;252500,0
1930;1930;2,5;0;0;4,0;1,0;0;9653;4;465000,0
1780;1780;1,75;0;0;3,0;1,0;0;120661;4;336900,0
2000;2000;2,5;0;0;3,0;2,0;0;9202;4;225000,0
1690;1690;2,0;0;0;3,0;1,0;0;9583;4;270000,0
5190;3390;4,5;2;1800;5,0;2,0;0;23716;3;1702500,0
1300;1300;1,75;0;0;3,0;1,5;0;5413;3;536000,0
2400;2400;3,25;0;0;4,0;2,0;0;29252;4;585000,0
1150;860;2,0;0;290;2,0;1,0;0;6634;3;445000,0
2310;2310;2,25;0;0;4,0;2,0;0;7490;3;320000,0
2730;2400;3,5;0;330;4,0;2,0;0;3047;3;769900,0
2840;2840;2,5;0;0;4,0;2,0;0;4500;3;557000,0
1020;1020;1,5;0;0;2,0;2,0;0;1525;3;212000,0
1340;1340;2,0;0;0;3,0;3,0;0;1384;3;376000,0
3540;3540;3,25;0;0;4,0;2,0;0;159430;3;800000,0
7270;6420;6,5;0;850;5,0;2,0;0;130017;3;2238888,0
998;798;2,25;0;200;3,0;2,0;0;904;3;324000,0
3060;1600;2,75;0;1460;5,0;1,0;0;7015;5;549900,0
2130;2130;2,5;0;0;3,0;2,0;0;6969;3;320000,0
2520;1400;2,0;0;1120;4,0;1,0;0;6000;3;875000,0
1940;1080;1,0;0;860;4,0;1,0;0;9533;3;265000,0
1350;1270;2,5;0;80;3,0;3,0;0;1250;3;394950,0
2160;2160;2,5;0;0;4,0;2,5;0;5298;4;842500,0
1370;1010;2,5;0;360;3,0;2,0;0;1350;3;368000,0
5420;3890;4,5;0;1530;4,0;1,0;0;101930;3;1225000,0
2830;2830;2,5;0;0;4,0;2,0;0;5000;3;885000,0
2010;1390;2,5;0;620;3,0;2,0;0;2287;3;453246,0
3300;3300;2,75;0;0;4,0;2,0;0;12090;3;927000,0
1230;870;2,5;0;360;2,0;2,0;0;1391;3;490000,0
1720;1720;1,5;0;0;3,0;1,5;0;7119;4;341000,0
810;810;1,0;0;0;1,0;1,0;0;2451;5;235000,0
1560;1560;1,75;4;0;3,0;1,5;1;8078;4;1200000,0
2560;2560;2,0;0;0;3,0;1,0;0;216777;3;560000,0
4700;3420;3,25;0;1280;4,0;2,0;0;38412;3;900000,0
1220;770;1,0;0;450;2,0;1,0;0;2500;3;255000,0
3650;2360;2,75;0;1290;5,0;1,0;0;20150;4;1575000,0
2170;1650;3,25;0;520;3,0;1,5;0;12508;5;876650,0
2540;1450;2,25;0;1090;4,0;1,0;0;228254;3;540000,0
910;910;1,0;0;0;2,0;1,5;0;4500;4;350000,0
2980;2890;2,5;0;90;4,0;2,0;0;4930;3;750000,0
2120;1190;1,75;1;930;4,0;1,0;0;4650;3;582000,0
3460;2560;3,5;0;900;4,0;2,0;0;3997;3;1315000,0
2480;1300;3,0;0;1180;5,0;1,0;0;10090;3;372500,0
2200;2200;2,25;0;0;3,0;2,0;0;16921;3;410000,0
1730;1010;2,0;0;720;4,0;1,0;0;5500;5;360000,0
2920;1800;2,5;4;1120;3,0;1,0;0;34527;4;1015000,0
990;990;1,0;0;0;3,0;1,0;0;8012;4;225000,0
3040;3040;2,5;0;0;4,0;2,0;0;6887;3;647000,0
4530;3200;3,0;0;1330;5,0;1,5;0;258746;4;950000,0
1370;1370;1,5;0;0;3,0;1,0;0;8470;4;185000,0
1940;1940;2,5;0;0;3,0;2,0;0;4927;3;335000,0
1040;720;2,5;0;320;3,0;2,0;0;2643;3;210000,0
1800;1360;2,25;0;440;4,0;1,0;0;8623;4;522000,0
1720;1720;1,75;0;0;3,0;1,0;0;5000;3;770000,0
980;760;1,0;0;220;3,0;1,0;0;6380;3;499950,0
3110;3110;2,5;0;0;4,0;2,0;0;6142;3;751000,0
2100;1250;3,0;0;850;5,0;1,0;0;7715;3;330000,0
2020;1190;1,5;0;830;3,0;1,0;0;11358;4;465000,0
2350;2350;1,75;0;0;4,0;1,0;0;11914;4;850000,0
3290;3290;2,25;0;0;4,0;1,5;0;12329;4;947500,0
2180;2180;2,25;0;0;5,0;2,0;0;7813;3;302000,0
1290;1290;2,25;0;0;2,0;3,0;0;1334;3;500000,0
1460;1460;1,0;0;0;3,0;1,0;0;9750;4;201000,0
1290;1290;1,0;0;0;2,0;2,0;0;2828;3;265000,0
2350;1690;2,5;0;660;4,0;1,5;0;3150;4;870300,0
1080;1080;1,0;0;0;3,0;1,0;0;8100;4;339000,0
2670;2670;2,5;0;0;4,0;2,0;0;13463;4;690000,0
3680;2840;3,25;0;840;4,0;2,0;0;5759;3;788000,0
1440;960;1,75;0;480;3,0;1,0;0;8040;3;315275,0
1940;1030;1,75;0;910;4,0;1,0;0;4800;5;505000,0
1280;1280;1,0;0;0;3,0;1,0;0;9898;3;368000,0
2980;2180;2,75;2;800;3,0;1,5;1;27144;5;947500,0
970;970;1,0;0;0;3,0;1,0;0;8580;3;156000,0
2110;1640;3,0;2;470;4,0;1,5;0;5000;4;610000,0
1480;1480;2,5;0;0;2,0;3,0;0;1369;3;420000,0
700;700;1,0;0;0;2,0;1,0;0;10540;3;192000,0
2700;1350;2,0;0;1350;3,0;1,0;0;6120;4;910000,0
2330;2330;3,25;3;0;4,0;2,0;0;9687;3;1300000,0
3380;1690;1,75;0;1690;5,0;1,0;0;20021;4;1346400,0
2600;1620;2,75;0;980;4,0;1,5;0;2750;3;840000,0
1360;860;1,75;0;500;2,0;1,0;0;8100;3;300000,0
2780;1590;2,5;0;1190;4,0;1,0;0;6369;3;505000,0
1250;1250;1,0;0;0;3,0;1,0;0;53143;5;110000,0
2620;2620;2,5;0;0;3,0;2,0;0;8950;3;746000,0
1350;1350;1,5;0;0;3,0;1,0;0;7620;5;211000,0
2400;1200;3,0;0;1200;4,0;1,0;0;3340;4;675000,0
2760;1680;2,5;0;1080;4,0;1,5;0;5000;5;734200,0
3070;1870;2,25;3;1200;4,0;1,0;0;16028;3;1225000,0
2040;2040;1,75;3;0;2,0;1,5;1;28593;4;615000,0
1770;1770;2,0;0;0;4,0;2,0;0;6000;5;630000,0
3490;3490;3,75;0;0;4,0;2,0;0;9170;3;1264000,0
830;830;1,5;0;0;2,0;2,0;0;1333;3;301500,0
980;670;2,5;0;310;2,0;2,0;0;895;3;369000,0
1570;1570;2,5;0;0;3,0;3,0;0;1433;3;635000,0
3270;3110;3,25;0;160;4,0;2,0;0;5187;3;1033888,0
2160;2160;2,5;0;0;4,0;2,0;0;6223;3;383000,0
3280;2320;3,75;0;960;4,0;2,0;0;11000;3;1050000,0
3360;3360;2,5;0;0;4,0;2,0;0;7685;3;455000,0
3150;3150;2,75;0;0;5,0;2,0;0;7119;3;819900,0
1810;1440;3,5;0;370;3,0;2,0;0;1846;4;625000,0
2740;2740;2,5;0;0;4,0;2,0;0;7140;3;651000,0
3830;2130;4,75;0;1700;5,0;1,0;0;35000;3;480000,0
3190;3190;3,25;0;0;3,0;2,0;0;5283;3;757000,0
2350;1390;2,25;0;960;3,0;1,0;0;10450;3;460000,0
2510;1610;2,25;0;900;4,0;1,0;0;8165;4;267345,0
1680;1680;2,0;0;0;2,0;1,0;0;4950;3;530000,0
1770;960;2,0;0;810;3,0;1,0;0;6610;4;449500,0
1090;1090;1,0;0;0;3,0;1,0;0;7315;5;289000,0
3001;3001;2,5;0;0;5,0;2,0;0;5710;3;373000,0
2450;2450;3,0;0;0;5,0;2,0;0;4591;3;525000,0
3610;2440;3,25;0;1170;3,0;2,0;0;59677;3;777000,0
2250;1200;2,0;0;1050;4,0;1,0;0;7500;5;550000,0
1240;1240;1,5;0;0;3,0;1,0;0;7735;4;523000,0
2260;1430;2,0;0;830;4,0;1,0;0;6000;3;628000,0
2090;1070;1,75;0;1020;4,0;1,0;0;8164;4;581000,0
2020;1220;1,75;0;800;5,0;1,0;0;7902;3;245000,0
1960;980;1,75;0;980;3,0;1,0;0;5000;5;415000,0
3120;3120;2,25;0;0;5,0;2,0;0;16672;4;1895000,0
1250;1250;1,5;0;0;3,0;1,0;0;7500;3;225000,0
1490;1170;2,25;0;320;3,0;1,0;0;9600;4;287000,0
2890;2290;3,0;0;600;6,0;2,5;0;2370;3;799200,0
1900;1900;1,0;0;0;3,0;1,5;0;33888;4;239950,0
1680;870;1,75;0;810;3,0;1,0;0;2400;5;591000,0
2030;2030;2,5;0;0;3,0;2,0;0;8398;4;700000,0
3740;2260;2,5;0;1480;4,0;1,0;0;8700;3;475000,0
1580;1180;1,75;0;400;3,0;1,0;0;11750;4;575000,0
1780;1390;2,25;0;390;3,0;1,5;0;6120;4;771000,0
910;910;1,0;0;0;2,0;1,0;0;6232;3;155000,0
3440;3440;4,0;0;0;7,0;2,0;0;8100;3;550000,0
1740;1740;2,5;0;0;3,0;2,0;0;13750;4;645000,0
3400;1700;2,5;0;1700;5,0;1,0;0;8970;4;464000,0
4400;4400;3,25;0;0;4,0;2,0;0;16625;3;1050000,0
2010;2010;2,5;0;0;3,0;2,0;0;14298;3;350000,0
2710;2710;2,25;0;0;4,0;2,0;0;38180;4;591000,0
5300;4570;2,5;2;730;4,0;2,0;1;26211;2;2555000,0
1310;1090;1,5;0;220;3,0;1,0;0;3880;3;717000,0
1950;1950;1,5;0;0;4,0;1,5;0;12559;3;225000,0
1040;1040;1,0;0;0;3,0;1,0;0;6535;3;225000,0
1090;1090;1,75;0;0;3,0;1,0;0;7200;3;345000,0
650;650;0,75;0;0;2,0;1,0;0;5360;4;230000,0
1480;740;2,0;2;740;3,0;1,0;0;6600;3;385000,0
790;790;1,0;0;0;2,0;1,0;0;2640;3;90000,0
3560;2290;2,5;2;1270;4,0;1,0;0;11119;3;860000,0
3000;3000;2,5;0;0;4,0;2,0;0;5548;3;675000,0
3490;3490;2,5;3;0;4,0;2,0;0;7494;3;975000,0
2340;2340;1,75;0;0;3,0;1,0;0;10495;4;780000,0
1650;1060;1,75;0;590;3,0;1,0;0;8254;5;370000,0
1940;1150;2,0;0;790;3,0;1,5;0;5820;5;665000,0
3410;1870;3,0;0;1540;5,0;1,0;0;9600;4;675000,0
1710;1710;1,0;0;0;3,0;1,5;0;4050;3;620000,0
2740;1930;1,5;0;810;4,0;2,0;0;4000;5;1105000,0
1250;1040;2,75;0;210;3,0;2,0;0;892;3;450000,0
2450;2450;2,25;0;0;3,0;1,0;0;42180;4;450000,0
1690;1690;1,75;0;0;3,0;1,0;0;8190;4;530000,0
1950;1370;1,75;0;580;4,0;1,0;0;13320;4;635000,0
2290;1190;2,0;0;1100;5,0;1,0;0;7125;3;580000,0
3370;2000;3,25;2;1370;5,0;1,0;0;17458;5;1550000,0
1090;1090;1,0;0;0;3,0;1,0;0;8640;4;285000,0
1190;1190;1,0;0;0;3,0;1,0;0;9486;4;375000,0
3530;3530;4,25;0;0;5,0;2,0;0;7924;3;1400000,0
1440;1440;1,0;0;0;3,0;2,0;0;5000;3;560000,0
2180;1090;1,75;0;1090;4,0;1,0;0;13529;3;405000,0
1410;810;1,0;0;600;4,0;1,0;0;6000;3;413000,0
1950;1950;2,5;0;0;3,0;2,0;0;8251;3;287600,0
4860;3820;3,25;2;1040;5,0;2,0;0;23723;4;1680000,0
1660;1100;1,0;0;560;3,0;1,0;0;7210;3;225000,0
1390;1390;1,0;0;0;3,0;1,0;0;12823;4;319000,0
1350;1350;2,0;0;0;3,0;1,0;0;14200;3;322500,0
1530;1530;2,0;0;0;3,0;1,0;0;5401;4;570000,0
1270;1270;1,5;0;0;3,0;1,0;0;5112;3;465000,0
2140;2140;2,25;0;0;4,0;2,0;0;6355;3;435000,0
2040;2040;2,5;0;0;4,0;2,0;0;5616;3;502000,0
2876;2360;3,5;0;516;3,0;2,0;0;5086;3;525000,0
1580;1010;2,5;0;570;3,0;2,0;0;1161;3;525000,0
3400;3400;3,5;0;0;4,0;2,0;0;5196;3;660000,0
3520;2650;2,5;0;870;4,0;2,5;0;6773;3;870000,0
2210;2210;2,5;0;0;4,0;2,0;0;4861;3;650000,0
2790;2790;2,5;0;0;4,0;2,0;0;5602;3;505000,0
1450;840;2,5;0;610;3,0;1,0;0;5008;3;330000,0
1620;860;1,75;0;760;4,0;1,0;0;4980;4;385000,0
1220;1220;1,5;0;0;3,0;3,0;0;1086;3;306000,0
2000;1110;1,75;0;890;3,0;1,0;0;5000;4;546000,0
2190;2190;2,5;0;0;4,0;2,5;0;7350;5;925000,0
1900;950;1,75;0;950;4,0;1,0;0;8250;4;542000,0
1700;1700;1,0;0;0;3,0;1,5;0;4400;4;800000,0
2540;1760;2,5;0;780;5,0;2,0;0;3832;5;620000,0
1170;1170;1,0;2;0;2,0;1,0;0;8925;3;175000,0
5774;4490;5,0;2;1284;5,0;1,0;0;31675;3;740000,0
2120;2120;2,25;0;0;3,0;2,0;0;15003;3;345000,0
2170;1450;1,75;0;720;3,0;1,0;0;26460;3;510000,0
2450;2450;2,75;0;0;4,0;1,0;0;15002;5;530000,0
700;700;1,0;0;0;2,0;1,0;0;5200;5;155000,0
1780;1400;2,5;0;380;3,0;1,0;0;7214;4;266000,0
1850;1150;2,0;0;700;3,0;1,0;0;8250;4;257200,0
1570;1570;2,0;0;0;3,0;1,0;0;5706;3;265000,0
1290;980;1,0;0;310;3,0;1,0;0;5500;3;372220,0
1700;1000;2,0;0;700;5,0;1,0;0;7314;3;337500,0
1159;1159;1,5;0;0;2,0;1,0;0;4800;3;582500,0
1850;1850;2,75;0;0;3,0;1,5;0;9600;5;489200,0
840;840;1,0;0;0;2,0;1,0;0;3522;3;405100,0
1690;1150;2,5;0;540;3,0;2,0;0;1618;3;372977,0
1050;1050;1,0;0;0;3,0;1,0;0;9876;3;310000,0
1400;1100;1,75;0;300;3,0;1,5;0;3825;4;538000,0
2550;2550;2,5;2;0;3,0;2,0;0;7200;3;1400000,0
1840;1840;2,5;0;0;3,0;2,0;0;5011;3;317000,0
2360;1930;1,5;0;430;3,0;2,0;0;6750;5;702500,0
2240;2240;2,5;0;0;4,0;2,0;0;14667;4;565000,0
2700;2700;2,5;0;0;4,0;2,0;0;4004;3;723000,0
3030;3030;2,5;0;0;3,0;1,5;0;30007;4;766950,0
1830;1830;1,75;2;0;3,0;1,5;0;5120;5;682000,0
2220;2220;2,5;0;0;3,0;2,0;0;6049;4;325000,0
2090;1360;2,5;0;730;3,0;1,0;0;7640;3;543000,0
1600;1600;1,75;0;0;3,0;1,5;0;6120;3;525000,0
2010;1340;1,75;0;670;4,0;1,0;0;8625;4;364000,0
830;830;1,0;0;0;2,0;1,0;0;4000;3;394475,0
2010;2010;2,5;0;0;4,0;2,0;0;7226;3;316000,0
1050;1050;1,0;0;0;3,0;1,5;0;5402;4;339950,0
2150;1420;2,5;0;730;4,0;1,0;0;39449;3;486000,0
860;860;1,0;0;0;3,0;1,0;0;11900;4;160000,0
3100;3100;2,5;0;0;3,0;1,0;0;20553;3;930000,0
1100;1100;1,0;0;0;3,0;1,0;0;17334;3;139000,0
1830;1830;1,5;0;0;3,0;1,0;0;8000;4;562000,0
1250;1250;1,75;0;0;2,0;1,0;0;34395;4;299000,0
1820;1820;2,5;0;0;3,0;2,0;0;4883;3;511000,0
2090;2090;2,0;0;0;3,0;1,5;0;42689;3;499000,0
2100;2100;3,5;0;0;3,0;2,0;0;12384;3;356000,0
2310;2310;2,5;0;0;4,0;2,0;0;14023;3;470000,0
2060;1360;2,25;0;700;4,0;1,0;0;5649;5;715000,0
4470;4470;2,25;0;0;4,0;2,0;0;60373;3;1120000,0
1660;1060;1,0;0;600;3,0;1,0;0;7500;4;458000,0
3810;3810;4,5;0;0;5,0;2,0;0;8019;3;966000,0
2110;2110;1,75;0;0;3,0;2,0;0;10200;4;305495,0
2370;1600;2,0;0;770;2,0;1,5;0;217800;3;543000,0
1970;1970;2,25;0;0;3,0;2,0;0;3716;3;340000,0
2470;2470;2,5;0;0;4,0;2,0;0;33305;3;633100,0
1480;1480;1,0;0;0;3,0;1,0;0;7830;3;310000,0
2257;1363;3,0;0;894;5,0;1,0;0;10117;3;349950,0
700;700;1,0;0;0;2,0;1,0;0;6000;4;267800,0
1630;1050;2,0;0;580;4,0;1,0;0;9010;4;234000,0
3430;3430;2,5;0;0;4,0;2,0;0;10157;3;740000,0
2220;1420;1,75;0;800;5,0;1,5;0;6000;3;607500,0
1340;1340;1,75;0;0;3,0;1,0;0;7473;4;223000,0
980;860;1,0;0;120;2,0;1,0;0;2130;4;400000,0
2580;2580;2,5;0;0;3,0;2,0;0;13096;3;802000,0
2230;2230;2,5;0;0;4,0;2,0;0;4541;3;253000,0
2290;2290;2,0;0;0;4,0;1,0;0;11137;4;1058000,0
1260;1260;1,0;0;0;3,0;1,0;0;8280;3;300000,0
1680;1680;2,75;0;0;4,0;1,0;0;11180;4;625000,0
3200;3200;3,25;0;0;4,0;2,0;0;7081;3;707000,0
3320;3320;2,5;0;0;4,0;2,0;0;7644;3;950000,0
3040;3040;2,5;0;0;4,0;2,0;0;24123;3;420000,0
2270;1290;2,75;0;980;4,0;1,0;0;7375;4;498000,0
2910;2910;2,5;0;0;3,0;2,0;0;17172;3;450000,0
2510;2510;2,25;0;0;5,0;2,0;0;9887;3;955000,0
1240;1240;1,0;0;0;2,0;1,0;0;7200;3;215000,0
2580;2580;2,75;0;0;3,0;2,0;0;5200;3;437000,0
2470;2470;2,75;0;0;3,0;2,0;0;3600;3;773000,0
4910;3110;3,5;0;1800;4,0;1,5;0;9444;3;1222500,0
1690;1690;2,5;0;0;3,0;2,0;0;5025;3;256883,0
2240;2240;2,5;0;0;4,0;1,0;0;12032;3;592500,0
1650;1160;2,0;0;490;3,0;1,0;0;7352;3;252350,0
2710;2710;2,5;0;0;4,0;2,0;0;5880;3;370000,0
1260;1260;1,5;0;0;3,0;1,0;0;10350;3;465750,0
1150;1150;1,0;0;0;3,0;1,0;0;8100;3;185000,0
2550;1440;2,75;0;1110;4,0;1,0;0;7636;3;582800,0
1490;1490;1,75;0;0;3,0;1,0;0;6930;4;245000,0
2020;1010;1,75;0;1010;4,0;1,0;0;7865;4;302000,0
1320;1320;1,0;1;0;2,0;1,0;0;4520;3;451555,0
1230;1230;1,0;0;0;3,0;1,0;0;10350;4;250000,0
2070;2070;2,5;0;0;4,0;2,0;0;7800;3;255000,0
2930;1670;1,75;3;1260;4,0;1,0;0;11562;3;840000,0
1090;1090;1,0;0;0;3,0;1,0;0;8520;3;190000,0
1400;1400;1,0;0;0;3,0;1,0;0;7066;3;349950,0
1550;1550;2,0;0;0;4,0;1,5;0;4815;3;613000,0
1220;1220;1,0;0;0;3,0;1,0;0;13000;4;300000,0
1870;1470;2,5;0;400;3,0;1,0;0;7344;3;455000,0
2150;2150;2,25;0;0;3,0;2,0;0;30476;3;335000,0
980;980;1,0;0;0;3,0;1,5;0;3090;3;197500,0
1490;1490;1,5;0;0;3,0;1,0;0;8475;4;412500,0
1120;1120;1,5;0;0;3,0;1,0;0;7000;3;395300,0
1180;1180;2,25;0;0;3,0;2,0;0;9630;3;342400,0
3240;3240;2,5;0;0;4,0;2,0;0;20301;3;749400,0
2150;2150;2,5;0;0;4,0;2,0;0;6807;4;316500,0
2240;2240;2,5;0;0;3,0;2,0;0;10800;3;390000,0
1400;1150;2,0;0;250;3,0;1,0;0;7384;3;225000,0
1980;1980;2,25;0;0;3,0;1,0;0;40887;4;550000,0
1330;1330;1,0;0;0;3,0;1,5;0;20562;3;280000,0
3200;3200;2,5;0;0;4,0;2,0;0;7535;3;1255000,0
1490;1090;1,0;0;400;2,0;1,0;0;6000;3;575000,0
3920;2900;4,25;0;1020;5,0;2,0;0;16258;3;1000000,0
2000;2000;1,75;0;0;5,0;2,0;0;3750;4;585000,0
2680;2680;2,5;0;0;4,0;2,0;0;9185;3;620000,0
1670;1670;2,0;0;0;4,0;1,0;0;9987;3;204700,0
3150;3150;3,0;0;0;4,0;2,0;0;9130;3;695000,0
2740;2060;3,25;0;680;4,0;2,0;0;7266;3;689900,0
1890;1250;1,75;0;640;4,0;1,0;0;8000;4;375000,0
2870;1520;3,5;0;1350;7,0;1,0;0;29699;3;475000,0
1160;1160;1,0;0;0;3,0;1,0;0;10384;4;215000,0
3550;3550;1,75;0;0;4,0;2,0;0;19865;3;2100000,0
1790;1350;1,75;2;440;3,0;1,0;0;6117;3;790000,0
1680;1070;1,75;0;610;3,0;1,0;0;250470;4;350000,0
4560;3800;2,5;0;760;3,0;2,0;0;17622;4;695000,0
1590;1590;2,25;0;0;3,0;2,0;0;7748;4;263000,0
1630;1630;1,0;0;0;3,0;1,0;0;10304;5;400000,0
2700;2700;2,5;0;0;3,0;2,0;0;7434;3;525000,0
1700;1700;2,5;0;0;3,0;2,0;0;7496;3;349950,0
3740;2000;3,25;0;1740;4,0;1,0;0;12080;3;1085000,0
1980;1980;3,0;0;0;4,0;2,5;0;5352;3;744000,0
880;880;1,0;0;0;2,0;1,0;0;6345;3;312500,0
1400;700;2,0;0;700;3,0;1,0;0;6200;3;240000,0
2050;1210;2,0;0;840;4,0;1,5;0;4000;5;495000,0
2360;2360;2,5;3;0;3,0;2,0;0;4638;3;580050,0
2560;1890;2,0;0;670;4,0;1,0;0;7798;4;640000,0
1340;1340;1,5;0;0;3,0;1,0;0;10224;4;417000,0
1060;1060;1,0;0;0;3,0;1,0;0;5200;5;174950,0
850;850;1,5;0;0;3,0;1,0;0;2500;3;295000,0
1880;1010;1,75;0;870;4,0;1,0;0;7303;3;423000,0
1230;1230;1,0;0;0;3,0;1,0;0;12305;3;839000,0
2290;1340;1,75;0;950;4,0;1,0;0;10290;3;343000,0
1660;1000;1,0;0;660;3,0;1,0;0;6582;5;467000,0
1840;1840;2,5;0;0;3,0;2,0;0;2875;4;512500,0
3020;1600;2,5;0;1420;4,0;1,0;0;17810;3;575000,0
1410;1410;1,75;0;0;3,0;1,0;0;6886;3;465000,0
1010;1010;1,0;0;0;3,0;1,0;0;9514;3;270000,0
1960;980;1,75;0;980;3,0;1,0;0;8136;3;340000,0
3580;3190;3,75;0;390;5,0;2,0;0;14275;3;765000,0
2240;2240;2,5;0;0;4,0;2,0;0;7200;3;497000,0
3310;3310;2,5;0;0;4,0;2,0;0;5404;3;803100,0
1232;1232;2,5;0;0;3,0;3,0;0;1130;3;344000,0
3930;2820;3,5;1;1110;4,0;2,0;0;5680;3;828950,0
1720;1720;2,5;0;0;3,0;2,0;0;3600;3;386380,0
1490;1220;2,25;0;270;3,0;2,0;0;974;3;312000,0
3150;3150;2,5;0;0;3,0;2,0;0;151588;3;720000,0
3950;3950;2,5;0;0;4,0;3,0;0;10856;3;914500,0
3030;3030;2,75;0;0;5,0;2,0;0;10335;3;819995,0
1070;1070;1,5;0;0;2,0;1,0;0;9643;3;252700,0
2320;2320;2,5;2;0;3,0;2,0;0;36847;3;437500,0
700;700;1,0;0;0;1,0;1,0;0;5100;3;350000,0
2720;2720;2,5;0;0;3,0;2,0;0;6439;3;619000,0
1800;1800;2,5;0;0;3,0;2,0;0;5761;4;408200,0
1560;1000;1,75;2;560;3,0;1,5;0;4049;3;451000,0
1760;1060;2,0;0;700;3,0;1,0;0;11410;5;317000,0
3120;2370;3,25;0;750;4,0;2,0;0;5000;3;799000,0
2020;1700;1,0;3;320;2,0;1,0;0;7200;4;720000,0
1450;1450;2,0;0;0;3,0;1,5;0;2400;3;490000,0
1860;1120;2,25;0;740;4,0;1,0;0;7000;3;239900,0
2270;1290;2,25;0;980;4,0;1,0;0;7800;3;446000,0
1480;1480;2,5;0;0;3,0;2,0;0;15639;3;275000,0
1460;1460;1,0;0;0;5,0;2,0;0;6032;4;239950,0
1850;1130;3,5;0;720;4,0;2,0;0;6519;3;248000,0
2170;2170;2,5;0;0;3,0;2,0;0;5000;3;619500,0
1726;1726;1,75;0;0;3,0;2,0;0;197326;4;363750,0
1180;940;1,75;0;240;3,0;1,0;0;10541;4;385000,0
1370;900;1,5;0;470;4,0;1,0;0;9957;3;370000,0
2670;2670;2,5;0;0;3,0;1,0;0;13218;4;425000,0
1260;720;1,0;0;540;3,0;1,0;0;6826;3;342000,0
1980;1980;1,0;0;0;4,0;1,5;0;7991;3;345000,0
2050;1180;2,0;0;870;3,0;1,0;0;3933;3;724800,0
2830;2830;2,75;0;0;5,0;2,0;0;5310;3;725000,0
910;910;1,0;0;0;2,0;1,0;0;3600;4;605000,0
2440;2440;2,5;0;0;4,0;2,0;0;4000;3;350000,0
2180;1100;2,0;0;1080;3,0;1,0;0;5440;5;785000,0
1900;950;2,0;0;950;3,0;1,0;0;6660;5;250000,0
1520;1520;2,25;0;0;3,0;3,0;0;1221;3;565000,0
2220;1220;2,0;2;1000;3,0;1,0;0;6641;4;875000,0
3280;3280;2,75;0;0;4,0;2,0;0;24440;3;862500,0
2740;2740;2,5;4;0;3,0;2,0;0;83199;3;400000,0
830;830;1,0;0;0;2,0;1,0;0;6017;4;282613,0
1010;1010;1,0;0;0;2,0;1,0;0;5200;3;174500,0
2060;1560;2,25;0;500;3,0;1,0;0;38377;4;306500,0
1990;1990;2,25;0;0;3,0;2,0;0;7340;3;445000,0
2280;2280;2,5;0;0;4,0;2,0;0;7568;4;433000,0
1870;1870;2,5;0;0;3,0;2,0;0;5874;3;306000,0
1720;1450;2,25;0;270;3,0;1,5;0;4000;4;620000,0
870;870;1,0;0;0;2,0;1,0;0;6150;3;245000,0
1020;720;2,0;0;300;3,0;2,0;0;1204;3;238000,0
1260;1260;1,5;0;0;3,0;1,5;0;3135;3;523000,0
2370;2370;2,5;0;0;3,0;2,0;0;7875;3;522500,0
1000;1000;1,0;0;0;3,0;1,0;0;18513;3;180000,0
1100;940;1,5;0;160;3,0;2,0;0;1751;3;375000,0
1440;940;2,25;0;500;3,0;1,0;0;7673;3;249000,0
3120;3120;2,5;0;0;4,0;2,0;0;14300;3;730100,0
2260;2260;2,0;0;0;2,0;1,0;0;9604;3;551000,0
2790;2790;2,5;0;0;4,0;2,0;0;7956;3;375000,0
1140;1140;1,0;0;0;1,0;1,5;0;6700;3;540000,0
1290;1290;2,25;0;0;3,0;2,0;0;2500;4;605000,0
1730;1050;1,75;0;680;5,0;1,0;0;5200;4;205000,0
3160;3160;2,5;0;0;4,0;2,0;0;11380;3;645000,0
2340;2340;2,5;0;0;4,0;2,0;0;8990;3;314000,0
1170;1170;1,5;0;0;3,0;1,0;0;4950;4;330000,0
1160;1160;1,0;0;0;2,0;1,0;0;5000;4;490000,0
1970;1970;3,0;0;0;3,0;1,0;0;24318;3;445000,0
6490;3940;4,25;3;2550;5,0;2,0;0;10862;4;2000000,0
1410;1290;2,25;0;120;3,0;2,0;0;1377;3;377500,0
2430;2430;2,5;0;0;4,0;2,0;0;5000;3;480000,0
3360;3360;1,5;0;0;5,0;2,0;0;5402;3;804995,0
1480;1180;2,5;0;300;3,0;2,0;0;1663;3;341000,0
3200;3200;2,5;0;0;5,0;2,0;0;6455;3;675000,0
2134;2134;2,5;0;0;3,0;2,5;0;1984;3;611000,0
1860;1860;3,25;0;0;3,0;3,0;0;1787;3;379950,0
5520;3570;3,0;3;1950;4,0;2,0;0;8313;3;1270000,0
1310;1160;2,5;0;150;2,0;2,0;0;1500;3;500000,0
1700;890;2,0;0;810;3,0;1,0;0;4250;3;410000,0
2480;2480;2,5;0;0;3,0;2,0;0;8342;3;415000,0
1970;1970;2,5;0;0;5,0;2,0;0;8605;4;297000,0
2060;1440;2,5;0;620;4,0;1,0;0;7475;3;575550,0
2130;1210;2,5;0;920;3,0;1,0;0;3500;4;534640,0
1410;1170;2,25;2;240;3,0;1,0;0;14110;3;352500,0
1360;780;2,0;0;580;2,0;1,0;0;4688;3;488000,0
1940;1940;2,0;0;0;3,0;1,0;0;55756;5;732000,0
1610;1610;2,25;0;0;2,0;2,0;0;2040;4;215000,0
1420;1420;2,0;2;0;2,0;1,5;0;9191;5;592500,0
1700;1700;2,5;0;0;4,0;2,0;0;7280;4;290000,0
1490;860;1,0;0;630;2,0;1,0;0;3825;3;475000,0
2680;2680;2,5;0;0;3,0;2,0;0;7757;3;320000,0
3190;1680;2,5;3;1510;4,0;1,0;0;8684;5;1216000,0
2120;2120;1,5;0;0;5,0;1,5;0;7700;5;290000,0
1690;1550;2,0;0;140;4,0;1,5;0;3250;3;487250,0
1830;1830;2,5;0;0;4,0;2,0;0;8601;3;339000,0
1010;1010;1,5;0;0;2,0;1,5;0;1968;5;440000,0
2070;1120;2,75;0;950;4,0;1,0;0;9300;5;366500,0
1710;1410;1,5;0;300;3,0;1,5;0;4500;3;462000,0
1660;1260;1,0;0;400;4,0;1,5;0;4690;3;560000,0
2080;1040;1,75;0;1040;4,0;1,0;0;13629;4;285000,0
1270;1270;2,5;0;0;3,0;2,0;0;9675;3;280000,0
1080;1080;1,0;0;0;3,0;1,0;0;21043;3;210000,0
1610;1610;2,0;0;0;3,0;1,5;0;5100;5;690000,0
1120;1120;1,0;0;0;2,0;1,0;0;9912;4;256500,0
2500;2500;2,75;0;0;4,0;2,0;0;5257;3;411000,0
970;970;1,0;0;0;3,0;1,0;0;7275;4;215000,0
3370;2140;2,0;0;1230;5,0;1,5;0;5000;4;762000,0
1290;1290;1,0;0;0;3,0;1,0;0;189486;4;359950,0
3370;3370;3,5;3;0;4,0;2,0;0;435600;3;480000,0
3410;3410;3,5;0;0;4,0;2,0;0;10769;3;1405000,0
2490;2490;2,5;0;0;4,0;2,0;0;8290;3;390000,0
770;770;1,0;0;0;2,0;1,0;0;4000;5;413500,0
810;810;1,5;0;0;1,0;2,0;0;3211;4;285000,0
3060;1700;2,5;0;1360;4,0;1,0;0;10043;4;475000,0
1690;1150;2,5;0;540;3,0;2,0;0;1613;3;386591,0
1890;1290;1,75;0;600;3,0;1,0;0;3825;3;524950,0
1470;1470;2,0;0;0;2,0;2,0;0;3128;3;241000,0
1060;1060;1,0;0;0;2,0;1,0;0;7193;3;461000,0
3480;3480;2,5;0;0;4,0;2,0;0;59242;3;810000,0
2730;1550;2,75;0;1180;4,0;1,5;0;3560;3;885000,0
1580;1580;2,25;0;0;3,0;2,0;0;7941;4;247000,0
2170;1380;2,75;0;790;3,0;1,0;0;7900;4;296500,0
930;930;1,0;0;0;2,0;1,0;0;4743;4;141800,0
1580;1580;2,0;0;0;4,0;2,0;0;7800;2;333000,0
3290;3290;1,75;0;0;5,0;1,5;0;11900;3;602000,0
2110;2110;2,25;0;0;4,0;2,0;0;10698;4;565000,0
1670;1670;2,5;0;0;3,0;2,0;0;3565;3;373000,0
2030;1190;2,25;0;840;3,0;1,0;0;7350;4;588000,0
1500;1370;1,0;0;130;3,0;1,5;0;4100;3;485000,0
1450;980;2,25;0;470;3,0;2,0;0;1445;3;482500,0
1310;1060;1,5;0;250;4,0;1,0;0;8250;3;251200,0
4180;2880;3,25;0;1300;5,0;2,0;0;49222;4;869000,0
1630;1630;1,75;0;0;3,0;1,0;0;28600;3;464000,0
2660;2660;2,5;0;0;4,0;2,0;0;10452;3;755000,0
1720;1720;2,5;0;0;3,0;2,0;0;1916;3;280000,0
1260;1260;2,25;0;0;2,0;3,0;0;1240;3;485000,0
1610;1610;1,75;0;0;3,0;1,0;0;12247;3;305000,0
680;680;1,0;0;0;2,0;1,0;0;8064;3;110700,0
2640;2640;3,5;2;0;4,0;2,0;0;5900;3;850000,0
1640;1640;2,25;0;0;3,0;2,0;0;7200;4;350000,0
2310;1650;1,75;0;660;4,0;1,0;0;8045;4;319950,0
2010;1230;1,75;0;780;3,0;1,0;0;4905;5;700000,0
1660;830;1,5;0;830;2,0;1,0;0;4680;5;368000,0
2200;2200;2,5;0;0;3,0;2,0;0;3360;3;433500,0
2460;2460;2,5;0;0;4,0;2,0;0;4200;3;611000,0
2430;2430;1,75;4;0;2,0;1,0;0;23400;3;1000000,0
1370;1370;1,0;0;0;3,0;1,0;0;7500;3;307000,0
1800;1800;1,75;0;0;3,0;1,0;0;10200;3;442500,0
2200;2200;1,75;2;0;3,0;2,0;0;7706;3;485000,0
700;700;1,0;0;0;2,0;1,0;0;2334;3;367000,0
1920;1920;2,5;0;0;3,0;2,0;0;15124;3;429000,0
2190;1370;2,75;0;820;5,0;1,0;0;12687;5;446000,0
2030;1500;2,25;0;530;3,0;1,0;0;9791;4;572500,0
1350;1350;2,5;0;0;3,0;3,0;0;2053;3;477000,0
1680;1380;2,5;0;300;3,0;2,0;0;2096;3;518000,0
1250;1250;1,75;0;0;5,0;1,0;0;10530;4;462000,0
2240;1270;3,0;0;970;4,0;1,5;0;6000;4;1190000,0
950;950;1,0;0;0;3,0;1,0;0;7620;3;137000,0
2320;2060;3,5;0;260;3,0;2,0;0;3174;3;530000,0
2380;2380;2,5;2;0;2,0;1,0;0;9374;3;818000,0
1540;1540;2,25;0;0;2,0;3,0;0;958;3;640000,0
2100;1200;3,0;0;900;5,0;1,0;0;9752;3;298450,0
2500;2500;2,5;0;0;4,0;2,0;0;4945;3;575000,0
3230;3230;2,5;0;0;4,0;2,0;0;7331;3;730000,0
2830;2830;2,5;0;0;3,0;2,0;0;5802;3;551000,0
870;870;1,0;0;0;2,0;1,5;0;5340;2;271310,0
2690;2690;3,0;0;0;4,0;1,0;0;28300;3;675000,0
1260;1260;2,5;0;0;3,0;3,0;0;889;3;479000,0
2680;2040;3,5;0;640;4,0;2,0;0;10000;3;520000,0
2660;2660;2,5;0;0;3,0;2,0;0;4975;3;599950,0
1480;840;1,75;0;640;2,0;1,0;0;5120;4;483945,0
1770;1190;2,25;0;580;4,0;1,0;0;33132;4;390000,0
950;950;1,0;0;0;2,0;1,0;0;7692;3;192500,0
860;860;1,0;0;0;2,0;1,0;0;8308;4;330000,0
1960;1160;2,0;0;800;4,0;1,0;0;7560;5;250000,0
1770;960;1,0;0;810;2,0;1,5;0;5522;4;243000,0
1280;860;1,75;0;420;4,0;1,0;0;6060;3;575000,0
2150;2150;2,5;0;0;4,0;2,0;0;12028;4;639000,0
1790;1040;1,0;0;750;2,0;1,0;0;4000;4;710000,0
1990;1990;2,25;0;0;3,0;2,0;0;10260;4;675000,0
2430;2430;2,5;0;0;5,0;2,0;0;4781;3;405000,0
2820;1860;2,75;0;960;4,0;1,0;0;13193;3;615000,0
1910;1010;1,0;0;900;3,0;1,0;0;8190;4;490000,0
1270;1040;2,25;0;230;3,0;2,0;0;1213;3;467000,0
2050;1180;2,75;0;870;4,0;1,0;0;3960;4;480000,0
2150;1270;2,0;0;880;6,0;1,0;0;4505;3;755000,0
2450;1630;1,75;2;820;4,0;1,0;0;13300;4;760000,0
1230;960;2,25;0;270;2,0;2,0;0;1280;3;387000,0
2260;2260;2,25;0;0;4,0;1,0;0;41984;4;925000,0
1050;1050;1,0;0;0;2,0;1,0;0;60113;4;415000,0
1570;1570;1,75;0;0;3,0;2,0;0;7775;3;263000,0
1820;1820;2,0;0;0;4,0;1,0;0;9350;4;519900,0
1540;1190;1,75;0;350;2,0;1,0;0;4025;4;570000,0
2060;2060;1,5;0;0;3,0;1,0;0;44866;3;450000,0
4380;4380;3,5;0;0;4,0;1,0;0;74052;3;1300000,0
1090;1090;1,0;0;0;3,0;1,0;0;9900;4;300000,0
1480;1480;1,75;0;0;3,0;1,0;0;7225;4;320000,0
1320;1320;1,0;0;0;4,0;1,5;0;4440;3;387500,0
2140;1470;2,25;0;670;1,0;1,0;0;10350;3;458000,0
4560;2230;3,5;3;2330;4,0;1,0;0;16643;3;1212500,0
2800;2800;3,0;0;0;4,0;2,0;0;9764;3;380000,0
1050;1050;1,0;0;0;3,0;1,0;0;5000;4;200000,0
1490;1490;1,5;0;0;3,0;1,0;0;9630;4;385000,0
1730;1730;1,0;0;0;2,0;2,0;0;6375;4;396675,0
1210;1210;1,0;0;0;4,0;1,5;0;3760;3;452000,0
2800;2800;2,5;0;0;4,0;2,0;0;8494;3;426000,0
1570;1570;1,5;0;0;3,0;2,0;0;1050;3;792000,0
1400;1140;2,25;0;260;3,0;1,0;0;31626;2;315000,0
2850;1450;2,0;4;1400;4,0;1,0;0;7861;4;1275000,0
1880;1880;3,0;0;0;6,0;1,0;0;7200;4;326000,0
790;790;1,0;0;0;2,0;1,0;0;8424;4;268500,0
1300;1300;1,75;0;0;2,0;2,0;0;4000;3;440000,0
2120;1060;1,0;0;1060;3,0;1,0;0;7735;4;300000,0
1540;1540;1,5;0;0;3,0;2,0;0;4773;3;525000,0
2620;1720;2,75;2;900;4,0;1,5;0;13777;4;978000,0
2880;2180;3,0;0;700;6,0;2,0;0;3192;4;1125000,0
1680;1680;1,0;0;0;4,0;1,5;0;4021;3;700000,0
790;790;1,0;0;0;2,0;1,0;0;6969;3;315000,0
1092;1092;1,0;0;0;3,0;1,5;0;7500;3;309000,0
1650;1090;1,5;0;560;3,0;1,0;0;9936;3;219950,0
2090;2090;2,5;0;0;3,0;2,0;0;4700;3;289000,0
2180;1180;1,75;0;1000;4,0;1,0;0;28710;3;210000,0
1990;1990;2,5;0;0;4,0;2,0;0;6671;3;260000,0
2650;2650;2,5;0;0;4,0;2,0;0;7945;3;699000,0
4460;2550;3,5;0;1910;4,0;1,0;0;16953;3;1800000,0
910;740;1,0;0;170;3,0;1,0;0;8000;4;299950,0
2770;2770;2,5;2;0;3,0;2,0;0;10773;3;749950,0
2390;2390;2,0;1;0;3,0;2,0;0;6888;5;1100000,0
3050;3050;2,5;0;0;3,0;1,0;0;158558;4;555000,0
1700;1700;2,5;0;0;3,0;2,0;0;4000;3;384000,0
3200;3200;3,5;0;0;5,0;2,0;0;43560;3;499950,0
1200;1200;1,75;0;0;3,0;1,0;0;4500;5;430000,0
2220;2220;2,25;0;0;4,0;2,0;0;6953;4;350000,0
2480;2480;2,5;0;0;3,0;2,0;0;9041;3;620000,0
2560;1760;2,25;0;800;4,0;1,0;0;12100;4;765000,0
2500;1500;1,5;0;1000;4,0;1,0;0;6300;4;250000,0
1150;1150;1,0;0;0;2,0;1,0;0;4000;3;376000,0
1650;1150;1,75;0;500;4,0;1,0;0;7775;4;475000,0
1140;1140;1,75;0;0;3,0;1,0;0;9628;4;120750,0
3400;1820;1,75;2;1580;3,0;1,0;0;8965;5;1690000,0
1180;1180;1,0;0;0;3,0;1,0;0;43124;4;330000,0
1700;1700;2,5;0;0;3,0;2,0;0;4105;3;619500,0
1240;1240;1,5;0;0;3,0;1,0;0;11200;4;345000,0
2890;2890;2,25;0;0;5,0;2,0;0;12478;3;598000,0
1060;1060;1,0;0;0;3,0;1,0;0;10050;4;335000,0
1590;1590;1,75;0;0;4,0;2,0;0;10523;4;372500,0
2860;2860;5,25;0;0;6,0;2,0;0;5682;3;300000,0
820;760;1,0;0;60;1,0;1,0;0;1060;3;194000,0
2020;1020;2,0;0;1000;3,0;1,0;0;8118;3;507500,0
1870;1170;2,25;0;700;4,0;1,0;0;9680;4;325000,0
2170;2170;2,5;0;0;3,0;2,0;0;4905;3;329900,0
1600;830;2,5;0;770;4,0;1,0;0;6765;3;329000,0
2090;1250;1,75;0;840;4,0;1,5;0;4300;4;494000,0
1700;1700;2,0;0;0;4,0;1,0;0;6025;3;206000,0
1940;970;1,75;0;970;4,0;1,0;0;6909;4;423000,0
1320;1320;1,0;0;0;3,0;1,0;0;8625;4;259000,0
3500;1830;2,25;4;1670;4,0;1,0;0;13875;4;879950,0
2800;2800;3,5;0;0;5,0;2,5;0;5120;3;345600,0
1080;1080;1,5;0;0;3,0;1,5;0;2940;4;395000,0
3550;3550;2,5;0;0;4,0;2,0;0;8048;3;625000,0
2010;1510;2,0;0;500;3,0;2,0;0;251341;3;439000,0
1690;1380;1,75;0;310;3,0;2,0;0;1468;3;380000,0
1270;1270;1,5;0;0;3,0;3,0;0;1443;3;440000,0
1970;1680;2,25;0;290;3,0;2,0;0;2377;3;415000,0
3160;3160;2,75;0;0;4,0;2,0;0;8097;3;860000,0
1210;1210;2,5;0;0;3,0;3,0;0;1200;3;500000,0
3120;2480;3,5;0;640;4,0;2,0;0;5086;3;953007,0
2670;2670;2,5;0;0;4,0;2,0;0;8765;3;515000,0
1640;1640;2,25;0;0;3,0;3,0;0;1204;3;772000,0
2303;2303;2,5;0;0;4,0;2,0;0;3680;3;329995,0
1800;1800;2,5;0;0;3,0;2,0;0;3168;3;409316,0
4460;3280;3,5;2;1180;5,0;3,0;0;2975;3;490000,0
1590;1220;2,5;0;370;2,0;2,0;0;2656;3;305000,0
3070;2190;3,5;0;880;4,0;2,0;0;4684;3;785000,0
1330;1330;1,75;0;0;2,0;1,0;0;7200;3;240000,0
990;990;1,0;0;0;3,0;1,0;0;6750;4;325000,0
1900;1900;2,5;0;0;4,0;2,0;0;5790;3;535800,0
2020;2020;2,5;3;0;3,0;3,0;0;1159;3;720000,0
2000;2000;1,75;0;0;3,0;1,0;0;9416;4;374000,0
1100;1100;1,75;0;0;2,0;1,0;0;7600;3;189650,0
960;960;1,0;0;0;1,0;1,0;0;40946;5;420850,0
3488;3488;2,75;0;0;4,0;2,0;0;9614;3;815000,0
1890;1890;1,75;0;0;2,0;2,0;0;9466;3;1065000,0
2030;2030;2,0;0;0;4,0;2,0;0;8120;3;199000,0
1380;990;1,75;0;390;3,0;1,0;0;7350;3;195000,0
3660;3360;3,25;0;300;4,0;2,5;0;5800;3;1506000,0
1870;1870;2,25;0;0;3,0;2,0;0;3230;3;288400,0
2080;1220;2,25;0;860;4,0;1,0;0;12007;4;442000,0
2450;2450;2,75;0;0;4,0;2,0;0;14803;4;619420,0
2750;1500;2,25;0;1250;4,0;1,0;0;6180;4;635000,0
1240;1240;1,0;0;0;3,0;1,0;0;4842;4;210000,0
1900;1900;2,5;0;0;3,0;2,0;0;7604;3;512500,0
2540;2540;2,5;0;0;3,0;2,0;0;6093;3;567000,0
2100;1510;2,75;0;590;3,0;2,0;0;10362;3;525000,0
1790;840;2,0;2;950;4,0;1,0;0;2250;4;475000,0
1170;1170;2,0;0;0;3,0;1,0;0;7258;3;250000,0
1060;1060;1,0;2;0;3,0;1,0;0;9126;5;220000,0
1930;1930;2,0;0;0;5,0;1,5;0;6120;3;230000,0
1540;1120;2,0;0;420;3,0;1,0;0;7947;3;385500,0
2876;1970;3,0;2;906;5,0;1,0;0;13927;4;895000,0
2150;2150;2,5;0;0;3,0;2,0;0;7484;3;368250,0
1140;1140;1,0;0;0;2,0;1,0;0;5500;3;249900,0
980;980;1,5;0;0;3,0;1,0;0;7790;5;350000,0
1230;1230;1,75;0;0;3,0;1,0;0;13056;4;175000,0
1390;860;1,75;0;530;3,0;1,0;0;10905;3;270000,0
2380;1670;3,5;3;710;3,0;2,0;0;6250;3;495000,0
3690;3690;3,25;0;0;3,0;2,0;0;7200;3;1580000,0
3010;2010;3,25;0;1000;5,0;1,5;0;1074218;5;542500,0
1250;1250;1,0;0;0;3,0;1,0;0;9126;3;330000,0
2290;2170;2,75;0;120;4,0;2,0;0;6120;4;1003000,0
790;790;1,0;0;0;2,0;1,0;0;5240;4;299800,0
2720;2720;2,5;0;0;3,0;2,0;0;6014;3;299900,0
2550;1700;2,75;0;850;4,0;1,0;0;8632;3;691000,0
1080;1080;1,0;0;0;2,0;1,0;0;3899;4;195000,0
2470;1570;1,75;1;900;3,0;1,0;0;9620;4;405000,0
850;550;0,75;2;300;2,0;1,0;0;7710;5;360000,0
1990;1570;2,5;0;420;3,0;1,0;0;8991;3;256750,0
1800;1800;2,25;0;0;3,0;2,0;0;10500;3;332500,0
4850;4850;4,0;0;0;5,0;2,0;0;36450;3;975000,0
1020;1020;1,0;0;0;3,0;1,0;0;7874;3;218000,0
2420;1860;2,5;0;560;3,0;2,0;0;49928;3;429000,0
2910;2910;2,5;2;0;4,0;2,0;0;5776;3;589000,0
1060;1060;1,5;0;0;3,0;1,0;0;9039;3;255000,0
2340;1590;2,5;2;750;4,0;1,0;0;6420;3;668750,0
1800;1050;2,75;0;750;4,0;1,0;0;5453;3;344500,0
1660;850;2,0;0;810;4,0;1,0;0;6150;3;452000,0
1300;1300;1,75;0;0;3,0;1,0;0;62290;3;540000,0
1780;1780;1,5;0;0;3,0;1,0;0;23819;3;246000,0
1030;920;1,0;0;110;2,0;1,0;0;4841;3;535000,0
2790;1130;3,25;3;1660;4,0;1,0;0;5420;3;970000,0
1150;1150;1,0;0;0;3,0;1,0;0;3000;5;430000,0
3290;3290;2,5;0;0;4,0;2,0;0;11446;3;520000,0
3400;3400;2,5;0;0;4,0;2,0;0;247421;3;712000,0
1200;1070;1,0;0;130;2,0;1,0;0;4000;3;450000,0
2160;2160;2,5;0;0;4,0;2,0;0;8005;3;220000,0
1450;950;1,0;1;500;3,0;1,0;0;4000;4;525000,0
3240;2060;2,5;0;1180;4,0;2,0;0;3600;3;1220000,0
1470;1000;2,0;0;470;3,0;2,0;0;1691;3;540000,0
2360;2360;2,5;0;0;4,0;2,0;0;5226;3;600000,0
2230;2230;2,25;0;0;3,0;2,0;0;9053;4;600000,0
2630;2630;2,5;0;0;4,0;2,0;0;48706;3;625000,0
1010;1010;1,0;0;0;3,0;1,0;0;25000;3;150000,0
1445;1300;2,25;0;145;3,0;2,0;0;1471;3;389999,0
2380;1320;1,75;0;1060;3,0;1,5;0;6000;3;285000,0
2830;2830;2,75;0;0;4,0;2,0;0;13059;3;744000,0
3010;3010;2,5;0;0;4,0;2,0;0;46173;3;700000,0
2000;2000;2,25;0;0;4,0;1,0;0;9000;4;318989,0
2020;2020;2,25;0;0;3,0;2,0;0;3600;3;556000,0
2030;2030;2,5;0;0;3,0;2,0;0;6326;3;275000,0
2550;2550;2,75;0;0;3,0;2,0;0;11160;3;430000,0
970;970;1,0;0;0;2,0;1,0;0;13700;3;300000,0
1540;1540;1,75;0;0;3,0;1,0;0;12446;5;396450,0
1396;1396;1,0;0;0;2,0;1,0;0;111949;3;225000,0
2780;2780;3,25;0;0;4,0;2,0;0;7875;3;700000,0
2220;2220;2,0;0;0;6,0;1,0;0;8797;3;260000,0
2350;1670;3,5;3;680;4,0;2,0;0;13402;3;655000,0
2760;2760;2,25;0;0;3,0;2,0;0;40946;5;1185000,0
4460;4460;2,5;0;0;3,0;2,0;0;26027;3;1550000,0
1440;1440;2,0;0;0;3,0;1,0;0;4421;3;413800,0
5330;3570;3,75;2;1760;5,0;2,0;0;6000;3;950000,0
2220;2220;2,5;0;0;4,0;2,0;0;4228;3;334990,0
5305;3745;4,75;2;1560;5,0;2,0;0;8401;3;2700000,0
3880;3700;4,0;3;180;3,0;2,0;0;13095;3;1030000,0
3810;2680;3,25;1;1130;4,0;1,0;0;8519;3;1130000,0
1960;1600;3,0;0;360;3,0;2,0;0;1168;3;556000,0
1530;1530;2,5;0;0;3,0;3,0;0;1131;3;360000,0
3250;3250;2,25;0;0;4,0;2,0;0;34293;4;480000,0
1750;1750;2,5;0;0;3,0;2,0;0;7208;3;324000,0
3440;3440;3,25;0;0;4,0;2,0;0;35021;3;1050000,0
1170;880;0,75;0;290;1,0;1,0;0;14149;5;275000,0
870;870;1,0;0;0;3,0;1,0;0;5330;3;180000,0
2930;2930;2,5;0;0;4,0;2,0;0;18199;3;749000,0
3160;1820;2,5;2;1340;3,0;1,0;0;12824;4;1600000,0
800;800;1,0;0;0;2,0;1,0;0;3330;3;373500,0
2350;2350;2,5;0;0;4,0;2,0;0;8001;4;770000,0
1060;1060;1,75;0;0;2,0;1,0;0;16470;3;356000,0
2060;1350;1,75;0;710;3,0;1,0;0;12558;4;625000,0
1560;780;1,75;0;780;2,0;1,0;0;1750;4;494400,0
3000;1500;1,75;3;1500;4,0;1,0;0;42200;3;585000,0
1660;1660;1,5;0;0;3,0;2,0;0;4800;3;926300,0
1650;1040;1,75;0;610;3,0;1,0;0;5100;5;600000,0
3220;2450;3,0;0;770;4,0;2,0;0;8936;3;430000,0
2320;2320;1,5;0;0;3,0;1,0;0;7500;3;307000,0
2750;1720;2,75;3;1030;4,0;1,0;0;14982;3;604700,0
910;910;1,0;0;0;3,0;1,0;0;6000;2;219900,0
840;840;1,5;0;0;2,0;2,0;0;867;3;270000,0
1470;1090;2,25;0;380;3,0;2,0;0;1578;3;432000,0
2040;2040;2,0;0;0;6,0;1,0;0;10812;4;300000,0
1100;1100;1,0;4;0;3,0;1,5;0;4046;4;361000,0
940;940;1,0;0;0;2,0;1,0;0;8532;4;249950,0
1110;1110;2,0;0;0;3,0;1,0;0;10500;5;320000,0
2200;1400;1,75;0;800;4,0;1,5;0;8100;5;305000,0
2860;1510;1,75;4;1350;2,0;1,0;1;59612;3;503000,0
740;740;1,0;0;0;2,0;1,0;0;11250;2;235750,0
2740;1370;1,75;2;1370;4,0;1,0;0;8520;3;657000,0
1250;1250;1,0;0;0;3,0;1,0;0;7300;4;385000,0
3140;3140;2,5;0;0;4,0;2,0;0;8060;3;389950,0
820;820;1,0;0;0;2,0;1,0;0;10270;3;150000,0
2570;1720;2,75;0;850;4,0;2,0;0;7264;3;254500,0
2350;1430;2,25;0;920;4,0;1,0;0;8140;4;555000,0
3600;2100;3,0;4;1500;4,0;1,0;0;9200;4;1075000,0
1580;1040;2,0;0;540;4,0;1,0;0;8000;3;245000,0
1070;1070;1,0;2;0;2,0;1,0;0;5824;5;319950,0
1070;1070;1,0;0;0;3,0;1,0;0;6109;5;337000,0
1640;1640;2,0;0;0;4,0;2,0;0;5000;3;492000,0
2890;2830;2,75;3;60;3,0;2,0;0;12130;4;1170000,0
1220;1220;1,0;0;0;3,0;1,0;0;7876;3;348580,0
1400;900;1,0;0;500;2,0;1,0;0;4500;3;180000,0
1040;1040;1,0;0;0;3,0;1,0;0;6250;3;400000,0
980;980;2,0;0;0;4,0;1,0;0;10640;5;295000,0
3340;2240;3,25;0;1100;4,0;1,5;0;10890;3;910000,0
6040;4100;4,5;0;1940;6,0;2,0;0;219542;3;1150000,0
1900;1430;3,5;0;470;3,0;2,0;0;1612;3;431500,0
1740;1020;1,5;0;720;4,0;1,0;0;7292;3;180000,0
2000;1100;2,0;0;900;3,0;1,0;0;3207;4;677000,0
1610;1090;1,75;0;520;3,0;1,0;0;7200;3;1180500,0
3240;1860;2,5;0;1380;4,0;1,0;0;13978;3;635700,0
2230;1320;2,25;0;910;5,0;1,0;0;9600;3;482000,0
1160;1160;2,5;0;0;2,0;2,0;0;2174;3;168000,0
2410;1410;2,75;0;1000;4,0;1,0;0;6000;5;805000,0
590;590;1,0;0;0;2,0;1,5;0;10945;3;398000,0
2600;2600;2,5;0;0;4,0;2,0;0;17388;3;665000,0
2170;1370;3,0;0;800;4,0;1,0;0;8240;4;592500,0
2080;2080;2,75;0;0;4,0;1,5;0;4000;3;940000,0
2860;2860;2,5;0;0;4,0;2,0;0;12394;3;655000,0
2980;2980;2,5;0;0;4,0;2,0;0;8107;3;622500,0
1230;1060;2,5;0;170;2,0;2,0;0;987;3;380000,0
2260;1130;1,75;1;1130;4,0;1,0;0;7005;4;648360,0
2200;1100;2,75;0;1100;3,0;1,0;0;14925;3;432000,0
3030;3030;2,5;0;0;4,0;1,5;0;12590;4;1050000,0
1060;1060;1,0;0;0;2,0;2,0;0;1600;3;353250,0
4260;4260;3,0;0;0;4,0;2,0;0;18687;3;1000000,0
998;798;2,25;0;200;3,0;2,0;0;844;3;320000,0
2052;2052;2,5;0;0;4,0;2,0;0;3723;3;349900,0
3150;3150;3,5;0;0;4,0;2,0;0;6202;3;330000,0
1950;1950;2,25;0;0;3,0;1,0;0;7221;4;408000,0
1347;1347;2,25;0;0;3,0;3,0;0;1292;3;321000,0
3860;3860;3,75;0;0;4,0;2,5;0;5474;3;1051000,0
5060;5060;5,5;0;0;4,0;2,0;0;10320;3;2150000,0
1360;1360;1,5;0;0;3,0;3,0;0;885;3;359000,0
2760;2760;2,5;0;0;5,0;2,0;0;6000;3;300000,0
2420;2420;3,5;0;0;5,0;2,0;0;4670;3;380000,0
2450;2450;2,5;0;0;3,0;2,0;0;4332;3;660000,0
1280;1280;2,25;0;0;3,0;3,0;0;959;3;355000,0
1550;1550;2,5;0;0;3,0;2,0;0;3569;3;259000,0
550;550;1,0;0;0;1,0;2,0;0;1279;3;353000,0
1520;1240;2,5;0;280;2,0;2,0;0;1588;3;430000,0
1670;1170;1,0;0;500;3,0;1,5;0;4005;4;460000,0
430;430;0,75;0;0;1,0;1,0;0;5050;2;80000,0
2380;2380;2,5;0;0;4,0;2,0;0;9614;4;782000,0
960;960;1,0;0;0;3,0;1,0;0;9633;5;218000,0
1920;1120;1,0;2;800;3,0;1,0;0;6862;3;325000,0
3680;2060;3,0;3;1620;4,0;1,0;0;5854;3;980000,0
2530;1570;2,25;0;960;4,0;1,0;0;9200;5;902000,0
3840;3840;2,5;0;0;5,0;2,0;0;16905;3;556000,0
1240;1240;1,75;0;0;3,0;1,5;0;3600;5;662990,0
1300;1300;1,0;0;0;2,0;1,5;0;11867;4;225000,0
2380;2380;2,5;0;0;4,0;2,0;0;12067;3;439950,0
1300;1300;1,0;0;0;2,0;1,0;0;44431;5;175000,0
780;780;1,0;0;0;2,0;1,0;0;13500;4;306000,0
1810;1230;2,5;0;580;4,0;1,0;0;39639;3;235000,0
2420;2420;1,75;0;0;3,0;2,0;0;12676;3;399500,0
1280;1280;1,0;0;0;3,0;1,5;0;2580;3;478000,0
1680;1140;1,0;0;540;2,0;1,0;0;6500;4;515000,0
2510;2510;2,5;0;0;3,0;2,0;0;5400;3;550000,0
1700;1700;1,0;0;0;3,0;1,0;0;8645;3;149000,0
1680;960;1,75;0;720;3,0;1,0;0;3420;3;526000,0
820;820;0,75;0;0;1,0;1,0;0;59677;3;527550,0
4380;4380;4,0;0;0;3,0;2,0;0;42769;5;1050000,0
2600;2600;2,5;0;0;3,0;1,0;0;10092;3;625000,0
3400;3400;3,25;0;0;5,0;2,0;0;7452;3;950000,0
2120;1320;1,75;0;800;5,0;1,0;0;8399;4;377691,0
2250;1200;2,75;0;1050;4,0;1,0;0;5700;3;648475,0
1800;1200;1,0;0;600;3,0;1,0;0;5612;4;383000,0
2210;2210;2,5;0;0;3,0;2,0;0;7620;3;535000,0
1560;1560;2,0;0;0;3,0;2,0;0;4080;3;449950,0
2430;2430;2,75;0;0;4,0;1,0;0;20720;3;465425,0
2560;2560;2,5;0;0;4,0;2,0;0;36601;4;675000,0
1960;1410;2,75;0;550;3,0;1,5;0;2500;5;599000,0
1110;1110;1,5;0;0;3,0;1,0;0;9762;4;416000,0
1030;830;1,5;0;200;2,0;1,0;0;4500;3;595000,0
1350;1350;1,0;0;0;4,0;1,0;0;11507;3;200000,0
1540;1540;2,0;0;0;3,0;2,0;0;1827;3;402000,0
1830;1010;1,75;0;820;4,0;1,0;0;9600;4;433000,0
1930;1930;1,5;0;0;4,0;2,0;0;15531;3;275000,0
1650;1650;2,0;0;0;3,0;1,5;0;9641;3;410000,0
3510;2210;2,0;2;1300;4,0;1,0;0;12905;3;554820,0
3370;1860;3,0;3;1510;4,0;1,0;0;7920;3;1325000,0
2390;2390;2,5;0;0;3,0;2,0;0;9157;3;735000,0
1230;1230;1,0;0;0;3,0;1,0;0;8114;4;607000,0
2830;2830;3,0;0;0;4,0;2,0;0;213879;4;549900,0
1620;1310;1,75;0;310;3,0;1,0;0;7540;3;258000,0
2290;1690;4,0;0;600;4,0;1,5;0;6250;5;661254,0
2840;1420;2,0;0;1420;4,0;1,0;0;13367;3;945000,0
4220;4220;3,5;0;0;4,0;2,0;0;196817;3;799950,0
1080;1080;1,0;0;0;3,0;1,0;0;10500;3;132500,0
1620;1190;1,75;0;430;3,0;1,0;0;8645;3;467100,0
4390;3060;3,5;3;1330;4,0;2,0;0;11600;3;1610000,0
1620;940;1,75;0;680;3,0;1,0;0;3975;5;641000,0
1010;1010;1,0;0;0;3,0;1,0;0;11244;4;350000,0
1750;1240;2,5;0;510;4,0;1,0;0;8476;4;335000,0
4080;4080;3,5;3;0;3,0;1,5;0;217697;3;900000,0
2560;1280;2,5;0;1280;4,0;1,0;0;10400;4;440000,0
1120;1120;1,75;0;0;3,0;1,5;0;5500;4;464600,0
4740;4740;3,5;0;0;4,0;2,0;0;172497;3;1200000,0
1340;1340;1,0;2;0;2,0;1,0;0;7788;3;300000,0
1590;1590;2,0;0;0;4,0;1,0;0;6750;3;670500,0
1430;1080;1,0;0;350;3,0;1,0;0;5000;4;552000,0
1450;1450;1,0;0;0;4,0;1,0;0;8960;3;244000,0
3500;3500;2,75;0;0;4,0;2,0;0;7200;3;788600,0
1630;1630;2,0;0;0;3,0;1,0;0;8702;3;445000,0
1814;944;1,75;0;870;4,0;1,0;0;5000;4;530000,0
580;580;1,0;0;0;2,0;1,0;0;7500;3;90000,0
1670;1670;2,0;0;0;3,0;1,5;0;4572;3;585000,0
1140;1140;2,0;0;0;2,0;1,0;0;8282;3;498000,0
800;800;1,0;2;0;2,0;1,0;0;6380;3;379000,0
1300;820;1,75;0;480;3,0;1,0;0;2580;5;462000,0
2440;2440;2,5;0;0;4,0;2,0;0;7155;3;388000,0
1490;1490;2,0;0;0;3,0;1,5;0;8371;3;255000,0
1800;1320;2,75;0;480;3,0;1,0;0;9550;4;665000,0
1830;1830;2,0;0;0;3,0;1,0;0;9152;5;550000,0
1500;1000;1,0;0;500;3,0;1,0;0;3920;3;606000,0
2210;1410;2,5;2;800;4,0;1,0;0;6080;4;334000,0
1270;1270;2,0;0;0;3,0;3,0;0;1323;3;360000,0
1140;1010;1,0;0;130;2,0;1,5;0;1730;3;235000,0
1620;1470;2,5;4;150;3,0;3,0;0;1173;3;580000,0
1220;1220;2,0;0;0;3,0;3,0;0;1186;3;355000,0
750;750;2,5;0;0;2,0;2,0;0;1430;3;375000,0
1960;1340;1,75;0;620;4,0;1,0;0;9300;5;372000,0
1370;1370;1,0;0;0;3,0;1,5;0;3000;3;479000,0
4580;4580;4,0;4;0;5,0;3,0;1;4443;3;2000000,0
5584;5584;4,25;0;0;4,0;2,0;0;68257;3;1680000,0
1010;1010;1,0;0;0;2,0;1,0;0;4320;5;501000,0
1260;1260;1,75;0;0;3,0;1,0;0;6908;3;245000,0
1740;1740;2,5;0;0;3,0;2,0;0;5782;4;496700,0
2670;2670;1,5;0;0;4,0;2,0;0;10026;3;347000,0
720;720;1,0;0;0;2,0;1,0;0;7200;5;199000,0
2460;2460;2,5;0;0;3,0;2,0;0;4399;3;440500,0
3670;3670;2,5;0;0;4,0;2,0;0;7000;3;820000,0
2630;1640;3,5;3;990;4,0;1,5;0;3435;3;325000,0
1570;1570;1,75;0;0;3,0;1,0;0;8459;3;195000,0
2980;1820;3,0;0;1160;3,0;1,0;0;28000;3;675000,0
1560;1560;2,5;0;0;3,0;2,0;0;4200;3;295000,0
1620;1620;2,5;0;0;3,0;1,0;0;7410;5;355300,0
1140;1140;1,0;0;0;3,0;1,0;0;5000;3;276000,0
2730;1570;1,5;0;1160;2,0;1,0;0;19877;4;460000,0
2130;2130;2,0;0;0;3,0;1,0;0;35169;4;880000,0
1780;1780;2,5;0;0;3,0;2,0;0;4050;3;370000,0
2100;2100;2,5;0;0;4,0;2,0;0;3916;3;346000,0
1140;1140;1,0;0;0;3,0;1,0;0;8800;3;172500,0
1690;1140;1,5;0;550;3,0;1,0;0;9144;4;379950,0
1160;860;1,0;0;300;2,0;1,0;0;6000;4;468000,0
1720;1720;2,75;0;0;4,0;2,0;0;6270;3;477000,0
1210;1210;1,0;0;0;3,0;1,5;0;3328;4;529000,0
1255;1255;1,5;0;0;3,0;3,0;0;1374;3;312000,0
880;880;1,0;0;0;2,0;1,0;0;7683;3;326100,0
1050;1050;1,0;0;0;3,0;1,5;0;9206;3;360000,0
1650;1650;1,75;0;0;3,0;1,0;0;12940;4;438000,0
1570;1570;1,0;0;0;3,0;1,0;0;9467;3;360000,0
2920;1470;2,5;3;1450;4,0;1,0;0;7200;3;1050000,0
3000;1970;3,0;3;1030;4,0;1,5;0;4000;3;688000,0
1850;1850;1,75;0;0;3,0;1,0;0;7735;4;585000,0
1440;1000;2,5;0;440;3,0;1,0;0;7741;4;265000,0
1440;1440;1,75;0;0;3,0;1,0;0;8775;3;375000,0
1810;1810;1,0;0;0;3,0;2,0;0;12375;3;326500,0
1180;1180;1,0;0;0;2,0;1,0;0;9350;3;160000,0
3070;2400;3,75;0;670;4,0;2,0;0;5850;5;1570000,0
3390;3390;2,75;0;0;5,0;2,0;0;5211;3;735000,0
1470;1470;1,0;0;0;2,0;1,0;0;6120;2;400000,0
2680;1380;2,5;0;1300;4,0;1,0;0;7200;3;800000,0
2290;2290;2,25;0;0;4,0;2,0;0;10687;3;949880,0
1980;1310;1,75;0;670;3,0;1,0;0;8100;4;405000,0
2870;2540;2,5;0;330;4,0;2,0;0;9292;3;399000,0
1840;1010;2,0;0;830;3,0;1,0;0;4750;5;730001,0
4060;4060;3,25;3;0;4,0;2,0;0;13000;3;1795000,0
1630;1630;2,0;0;0;3,0;1,0;0;8018;3;260000,0
1880;1880;2,0;0;0;2,0;1,5;0;5400;3;751750,0
1780;1780;1,75;0;0;3,0;1,0;0;13095;4;325000,0
2330;1400;2,0;0;930;4,0;1,0;0;6250;4;344950,0
1840;1050;1,75;0;790;3,0;1,0;0;4030;5;457500,0
2330;1190;2,0;0;1140;5,0;1,0;0;10750;4;389000,0
3200;3200;2,5;0;0;4,0;2,0;0;6473;3;515000,0
2330;1410;2,5;4;920;3,0;2,0;0;1987;3;732000,0
1950;1350;2,25;0;600;3,0;1,0;0;8868;3;415000,0
3080;2300;3,5;3;780;4,0;2,0;0;4815;3;1655000,0
1040;1040;1,0;0;0;2,0;1,0;0;5527;3;535000,0
1960;1960;4,25;0;0;4,0;2,0;0;3565;3;540000,0
2750;1750;3,0;0;1000;5,0;1,5;0;3800;5;525000,0
1930;1930;1,75;0;0;3,0;1,0;0;36210;3;570000,0
4850;4850;4,5;0;0;5,0;2,0;0;40902;3;569950,0
1982;1982;2,5;0;0;4,0;2,0;0;6406;3;283200,0
2640;1750;2,75;0;890;3,0;1,5;0;4050;5;1100000,0
1850;1430;2,5;0;420;4,0;1,0;0;50662;3;830000,0
1940;1430;2,25;0;510;4,0;1,0;0;9144;4;495000,0
2840;1710;3,0;0;1130;5,0;1,0;0;7199;3;292050,0
1900;1130;1,5;0;770;5,0;1,0;0;10226;3;415000,0
1410;960;1,0;0;450;5,0;1,0;0;6400;5;295832,0
2520;2520;2,5;0;0;4,0;2,0;0;8515;3;450000,0
3160;3160;3,75;0;0;4,0;2,5;0;9525;3;1381000,0
3720;3720;3,0;0;0;4,0;2,0;0;29043;3;857000,0
1820;1430;3,5;0;390;3,0;2,0;0;1501;3;499950,0
1560;1560;2,0;0;0;3,0;1,0;0;8640;5;465000,0
1600;1150;1,0;0;450;3,0;1,0;0;5952;4;329000,0
1230;1230;2,0;0;0;3,0;1,0;0;11502;4;475000,0
960;960;1,0;0;0;3,0;1,0;0;8100;3;255000,0
1270;1270;1,0;2;0;3,0;1,5;0;4000;3;435000,0
2810;2810;2,5;0;0;3,0;2,0;0;7700;3;685000,0
2160;2160;2,5;0;0;2,0;1,0;0;5581;3;715000,0
2520;1560;3,0;0;960;3,0;1,5;0;2152;3;780000,0
1180;990;1,5;0;190;2,0;2,0;0;844;3;345000,0
1810;1810;2,25;0;0;4,0;2,0;0;4970;3;355000,0
1680;1240;2,5;0;440;3,0;1,0;0;15711;3;282000,0
910;910;1,0;0;0;3,0;1,0;0;5250;4;244000,0
3250;2370;3,75;2;880;3,0;2,0;0;5797;4;967500,0
2000;1520;1,5;0;480;3,0;1,0;0;7294;3;375000,0
3790;3790;3,25;4;0;3,0;2,0;0;19000;3;1600000,0
2310;1760;1,75;0;550;3,0;1,0;0;78844;3;527500,0
2510;1810;2,25;2;700;3,0;1,5;0;6339;5;994000,0
1320;1320;1,75;0;0;3,0;1,0;0;6205;5;313000,0
2370;2370;2,25;0;0;3,0;2,0;0;217800;3;587000,0
900;900;1,0;0;0;3,0;1,0;0;7500;4;304000,0
2540;2540;2,5;1;0;3,0;2,0;0;7680;4;675000,0
2100;1050;1,0;0;1050;4,0;1,0;0;9288;4;305000,0
1200;920;1,0;0;280;3,0;1,0;0;6250;3;280000,0
3720;3720;4,0;0;0;5,0;2,0;0;15200;3;960000,0
1760;1760;2,25;0;0;3,0;2,0;0;4539;3;500000,0
1670;1320;1,75;0;350;3,0;1,0;0;7415;3;274950,0
2420;2420;2,5;0;0;3,0;2,0;0;8252;3;455600,0
3480;3480;3,0;0;0;5,0;2,0;0;15185;4;970000,0
1630;1630;2,5;0;0;4,0;2,0;0;4473;3;312900,0
2340;2340;2,5;0;0;4,0;2,0;0;5600;3;535000,0
920;920;1,0;0;0;2,0;1,0;0;3780;3;427000,0
910;910;1,0;0;0;2,0;1,0;0;6490;3;405000,0
1150;1150;1,0;2;0;3,0;1,0;0;4945;3;480000,0
2500;1450;1,5;2;1050;3,0;1,5;0;4774;3;725000,0
3250;3250;2,5;2;0;4,0;1,0;0;235063;3;293000,0
1930;1030;2,0;0;900;4,0;1,0;0;6600;4;268000,0
3400;2500;3,5;0;900;4,0;2,0;0;234352;3;475000,0
1590;1590;2,5;0;0;3,0;3,0;0;2550;3;488000,0
3330;3330;2,5;0;0;4,0;2,0;0;7399;3;760000,0
4590;4590;4,5;0;0;5,0;2,0;0;14685;3;1710000,0
2610;2610;2,5;0;0;3,0;2,0;0;7256;3;754950,0
1658;1658;2,5;0;0;3,0;2,0;0;2700;3;263900,0
1600;1240;3,5;0;360;3,0;2,0;0;1431;3;460000,0
1296;1296;3,0;0;0;3,0;3,0;0;1051;3;399950,0
1280;1080;2,25;0;200;2,0;2,0;0;835;3;370000,0
5940;4950;3,0;4;990;4,0;2,0;0;11533;3;1149000,0
2510;2510;3,25;0;0;4,0;2,0;0;5311;3;450800,0
2710;1650;3,5;0;1060;3,0;2,0;0;3475;3;627000,0
1750;1750;2,5;0;0;3,0;3,0;0;1548;3;495000,0
1430;1430;1,0;0;0;3,0;1,5;0;19901;4;310000,0
1660;930;1,0;0;730;4,0;1,0;0;34848;1;550000,0
1320;1320;1,0;0;0;2,0;1,0;0;8865;4;215000,0
2580;2580;3,0;0;0;4,0;2,0;0;209523;3;799000,0
2740;2740;2,5;0;0;4,0;2,0;0;43101;3;630000,0
2495;2495;2,5;0;0;3,0;2,0;0;4400;3;267000,0
2300;2300;2,75;0;0;6,0;1,5;0;24773;4;900000,0
1300;1300;1,5;0;0;3,0;1,0;0;12240;3;365000,0
2230;1450;2,5;0;780;4,0;1,0;0;10414;5;544500,0
2020;1010;2,75;0;1010;4,0;1,0;0;2750;3;599000,0
2000;2000;2,25;0;0;4,0;2,0;0;3800;3;815000,0
1060;1060;1,0;0;0;2,0;1,0;0;8187;4;254000,0
2080;1080;1,75;0;1000;2,0;1,0;0;4800;5;740000,0
2030;1220;2,0;0;810;3,0;1,0;0;24829;4;225000,0
2690;1840;2,5;0;850;3,0;2,0;0;7000;5;925000,0
3240;2260;2,5;0;980;4,0;1,0;0;10800;3;1285000,0
1550;1550;2,5;0;0;3,0;2,0;0;12920;5;537000,0
1480;740;2,0;0;740;4,0;1,0;0;3132;5;335000,0
3040;2100;2,75;0;940;4,0;2,0;0;2800;3;840000,0
1560;1040;1,5;0;520;3,0;1,0;0;7300;4;224000,0
2250;2250;2,5;0;0;3,0;2,0;0;3757;3;395000,0
1100;1100;1,0;0;0;3,0;1,0;0;4600;3;450000,0
1700;1700;1,0;0;0;3,0;1,5;0;6356;3;681000,0
2680;1450;1,5;0;1230;5,0;1,0;0;28014;4;898000,0
800;800;1,0;0;0;3,0;1,0;0;2296;4;370000,0
1350;1350;1,75;0;0;2,0;1,0;0;6315;3;429000,0
820;820;1,0;0;0;3,0;1,5;0;7680;3;150000,0
3160;2650;2,5;0;510;3,0;2,0;0;4270;3;555000,0
1720;1720;2,75;0;0;3,0;1,0;0;28000;4;326000,0
1680;1680;2,5;0;0;3,0;2,0;0;6755;3;225000,0
1300;1300;1,75;0;0;3,0;1,0;0;7958;3;245100,0
2190;2190;2,5;0;0;3,0;2,0;0;10370;3;665000,0
1720;1720;2,5;0;0;3,0;2,0;0;4006;3;535000,0
1160;1160;1,0;0;0;3,0;1,0;0;11776;3;305000,0
3150;3150;4,0;0;0;7,0;1,0;0;34830;3;999000,0
1210;1210;1,75;0;0;3,0;1,0;0;8075;4;215000,0
1980;1270;1,75;0;710;3,0;1,0;0;5100;3;432500,0
2990;2990;2,5;0;0;4,0;2,0;0;5669;3;655000,0
1430;1430;1,5;0;0;3,0;1,0;0;9600;4;266200,0
2060;2060;2,5;0;0;3,0;2,0;0;4030;3;244615,0
2230;2230;3,0;0;0;4,0;2,0;0;52983;3;460000,0
3090;3090;2,5;0;0;4,0;2,0;0;18645;3;370000,0
4250;2150;3,25;3;2100;6,0;1,0;0;23326;3;465000,0
1970;1100;2,5;4;870;3,0;1,0;1;23180;3;1175000,0
1700;850;2,0;0;850;2,0;1,0;0;3171;5;189000,0
2510;2510;2,5;2;0;3,0;2,0;0;5503;3;820000,0
3610;2070;2,75;4;1540;6,0;1,0;0;17580;5;968000,0
2980;2140;3,25;3;840;4,0;2,0;0;7000;3;1400000,0
1610;1610;1,75;0;0;3,0;1,0;0;6480;4;438750,0
3650;2530;2,75;2;1120;4,0;2,0;0;6982;4;1210000,0
2510;2510;2,0;0;0;4,0;1,0;0;38141;3;600000,0
1110;1110;1,0;0;0;3,0;1,5;0;6000;5;589000,0
1650;1650;2,0;0;0;3,0;2,0;0;6150;4;590000,0
1980;1980;2,0;0;0;3,0;1,0;0;12150;3;479900,0
880;880;1,5;0;0;2,0;2,0;0;1157;3;210000,0
1490;1140;1,75;0;350;3,0;1,0;0;9800;4;745000,0
2520;1410;2,0;0;1110;3,0;1,5;0;5400;4;840500,0
1820;1250;1,75;0;570;3,0;1,0;0;22320;3;420000,0
4140;2070;4,5;0;2070;7,0;1,0;0;9066;3;565000,0
3420;3420;2,5;0;0;4,0;2,0;0;8405;3;840000,0
3150;3150;2,5;0;0;4,0;2,0;0;7277;3;681716,0
1580;1150;1,75;0;430;3,0;1,0;0;7416;3;600000,0
1660;1660;2,0;0;0;3,0;1,0;0;8281;3;380000,0
1100;1100;1,0;0;0;3,0;1,0;0;10125;3;168500,0
1270;960;1,0;0;310;2,0;1,0;0;3200;4;355000,0
1450;990;1,0;0;460;4,0;1,0;0;6250;3;277000,0
1830;1200;2,25;0;630;4,0;1,0;0;9485;4;236000,0
1300;650;1,75;0;650;3,0;1,0;0;4127;4;270000,0
2320;1720;1,75;2;600;2,0;1,5;0;5500;3;700000,0
1680;1080;2,75;0;600;4,0;1,0;0;9545;4;425000,0
2300;2000;2,5;0;300;3,0;1,5;0;5500;4;635000,0
1400;870;1,75;0;530;3,0;1,0;0;4000;3;510250,0
2410;1800;2,25;2;610;4,0;2,0;0;4560;5;960000,0
1480;1480;2,0;0;0;3,0;1,0;0;7480;4;254000,0
1390;1390;1,0;0;0;3,0;1,5;0;9624;4;299000,0
830;830;1,0;0;0;2,0;1,0;0;2699;3;175000,0
740;740;1,0;0;0;2,0;1,0;0;9003;3;157500,0
1940;970;2,0;0;970;5,0;1,0;0;6000;5;580000,0
1340;1340;1,0;0;0;3,0;1,0;0;15600;4;124740,0
4440;3140;3,5;3;1300;8,0;2,0;0;6480;5;1970000,0
800;800;1,0;0;0;2,0;1,0;0;6240;3;285000,0
1310;1310;1,75;0;0;3,0;1,0;0;9645;3;242000,0
2330;1300;1,75;0;1030;4,0;2,0;0;4000;5;840000,0
1400;1400;3,25;0;0;2,0;3,0;0;1243;3;474800,0
2360;2360;2,5;0;0;4,0;2,0;0;4367;3;490000,0
1840;1840;2,25;0;0;3,0;2,0;0;5752;3;465000,0
2680;2680;2,5;0;0;4,0;2,0;0;7178;3;515000,0
3890;2390;3,75;2;1500;3,0;1,0;0;7140;3;430000,0
1400;1400;2,0;0;0;3,0;1,0;0;8640;5;253400,0
2400;2400;2,5;0;0;3,0;1,0;0;9701;3;355000,0
2920;2920;2,25;0;0;4,0;2,0;0;46355;4;740000,0
1390;1390;2,0;0;0;2,0;2,0;0;1302;3;186950,0
1680;1680;2,5;0;0;3,0;2,0;0;11193;3;306000,0
2040;1020;1,5;0;1020;4,0;1,0;0;8800;4;510000,0
1080;1080;1,0;0;0;2,0;1,0;0;4000;3;345000,0
2280;1280;2,75;0;1000;3,0;1,0;0;4280;5;875000,0
4490;3390;3,5;0;1100;4,0;2,0;0;5099;3;700000,0
4700;2520;3,25;4;2180;4,0;1,0;0;9160;3;1400000,0
2798;2798;2,5;0;0;4,0;2,0;0;4473;3;499950,0
2810;2810;2,5;0;0;3,0;2,0;0;5400;3;739000,0
3753;3336;2,5;0;417;4,0;2,0;0;7204;3;363000,0
3910;3130;3,5;0;780;4,0;2,0;0;8095;3;782000,0
1050;1050;2,5;0;0;2,0;2,0;0;1609;3;325000,0
1600;1600;1,0;0;0;4,0;1,5;0;4300;4;485000,0
2590;1340;2,25;0;1250;4,0;1,0;0;10002;4;452000,0
1720;1120;2,25;0;600;4,0;1,0;0;9753;4;264950,0
4410;2350;2,5;2;2060;6,0;1,0;0;14034;4;472000,0
1590;1090;1,75;2;500;3,0;1,0;0;11914;3;267500,0
2440;2440;2,5;0;0;4,0;2,0;0;22594;3;565000,0
1360;1310;2,5;0;50;3,0;3,0;0;1016;3;535000,0
910;910;1,0;0;0;2,0;1,0;0;7000;3;389000,0
1390;1140;1,5;0;250;4,0;1,0;0;7200;3;400000,0
1470;1470;1,5;0;0;3,0;1,0;0;14821;4;264000,0
2920;2920;2,5;0;0;4,0;2,0;0;9904;4;690000,0
1950;1950;1,75;0;0;3,0;1,0;0;52256;4;412000,0
2390;2390;2,5;0;0;3,0;2,0;0;4555;3;695000,0
1270;1270;1,5;0;0;3,0;1,0;0;11600;4;246500,0
950;950;1,0;0;0;2,0;1,0;0;7560;3;230000,0
900;900;1,0;2;0;2,0;1,0;0;423838;5;302000,0
2280;1960;2,25;2;320;4,0;1,5;0;6660;3;820000,0
1010;1010;1,0;0;0;3,0;1,0;0;5490;3;145000,0
1260;1040;1,0;0;220;2,0;1,0;0;5000;3;436500,0
4730;4270;3,5;0;460;4,0;1,5;0;13586;5;2453500,0
2620;2620;2,5;0;0;3,0;2,0;0;21587;3;672000,0
2330;1520;2,25;2;810;3,0;1,5;0;4000;5;680000,0
2170;1450;3,0;0;720;5,0;1,5;0;2440;4;750500,0
2450;1240;2,0;0;1210;5,0;1,0;0;9488;4;550000,0
1880;1180;1,75;0;700;4,0;1,0;0;7632;4;266500,0
2300;1550;2,0;0;750;4,0;1,5;0;3400;5;619000,0
1240;1240;2,0;0;0;3,0;1,0;0;14404;3;405000,0
820;820;1,0;0;0;2,0;1,0;0;3844;4;300000,0
1530;1530;2,0;0;0;4,0;2,0;0;6375;3;231000,0
2900;1890;3,25;0;1010;5,0;1,0;0;12160;4;790000,0
1240;800;2,75;0;440;4,0;1,0;0;3867;3;400000,0
4140;4140;3,5;0;0;4,0;2,0;0;13392;3;950000,0
2240;1120;2,0;0;1120;4,0;1,0;0;7725;5;450000,0
1480;750;2,0;0;730;3,0;1,0;0;5000;4;595000,0
2270;1380;2,25;0;890;3,0;1,0;0;8876;3;332000,0
1250;1030;1,0;0;220;3,0;1,0;0;6250;2;155000,0
1930;1020;2,0;0;910;5,0;1,0;0;9747;4;400000,0
1700;1120;1,75;0;580;4,0;1,0;0;7800;5;349000,0
1590;1590;1,0;0;0;3,0;1,0;0;6420;3;529000,0
1880;960;1,75;0;920;5,0;1,0;0;10000;3;405000,0
1640;920;1,75;0;720;4,0;1,0;0;4240;5;635200,0
2600;1400;1,5;0;1200;3,0;1,0;0;5085;4;540000,0
710;710;1,0;0;0;2,0;2,0;0;1173;4;402000,0
6980;5330;4,25;4;1650;6,0;3,0;0;15682;4;3100000,0
1460;1100;1,5;0;360;3,0;1,0;0;5040;3;329932,0
2080;2080;2,5;0;0;3,0;2,0;0;9827;3;300000,0
2630;2630;2,5;0;0;5,0;2,0;0;9216;3;525000,0
4430;4430;3,25;0;0;4,0;2,0;0;21000;3;2750000,0
2760;2760;2,5;0;0;4,0;2,0;0;6850;3;602500,0
1670;1670;2,0;0;0;4,0;1,0;0;12056;3;400000,0
1990;1190;1,75;0;800;4,0;1,5;0;4725;4;445000,0
2600;1890;3,0;3;710;3,0;1,5;0;5238;3;525000,0
1320;1320;1,0;0;0;2,0;1,5;0;1824;4;395000,0
2240;1370;1,5;0;870;3,0;2,0;0;3800;3;510000,0
1960;1290;2,25;0;670;4,0;1,0;0;8680;4;723000,0
2590;1980;2,0;0;610;3,0;2,0;0;108900;3;503000,0
2620;2620;2,75;0;0;4,0;2,0;0;6707;3;672500,0
2770;2770;2,5;0;0;3,0;2,0;0;9136;3;860000,0
2110;1110;1,0;0;1000;3,0;1,0;0;10005;5;475300,0
2290;2290;2,5;0;0;4,0;2,0;0;4539;3;295000,0
4960;3680;4,25;0;1280;4,0;2,5;0;6000;3;1425000,0
1110;1110;1,0;0;0;2,0;1,0;0;26051;3;250000,0
3310;3310;2,75;0;0;4,0;2,0;0;6166;3;658000,0
900;900;1,0;0;0;2,0;1,0;0;8580;3;83000,0
1940;1440;1,75;1;500;3,0;1,0;0;7313;4;685000,0
1590;1590;1,75;0;0;3,0;2,0;0;7617;3;210000,0
2930;2930;2,5;0;0;3,0;2,0;0;6050;3;650880,0
2040;2040;2,5;0;0;4,0;2,0;0;22653;3;350000,0
1000;1000;2,25;0;0;2,0;3,0;0;905;3;305000,0
1730;1320;3,25;2;410;3,0;2,0;0;1229;3;645000,0
1220;1220;1,0;0;0;3,0;1,0;0;4800;3;385000,0
3060;3060;2,25;0;0;3,0;2,0;0;12095;3;860000,0
2910;2910;2,5;0;0;4,0;2,0;0;5000;3;395000,0
1050;1050;1,75;0;0;3,0;1,0;0;5850;3;260000,0
1560;1560;2,0;0;0;3,0;1,0;0;7352;3;196440,0
1680;840;1,75;2;840;3,0;1,0;0;3000;4;425000,0
4140;3300;3,25;1;840;4,0;1,0;0;20734;3;2400000,0
1550;1150;2,0;0;400;3,0;1,0;0;8509;3;369000,0
5700;2850;2,75;4;2850;6,0;1,0;0;20000;4;1385000,0
2200;2200;2,5;0;0;3,0;2,0;0;7278;3;349900,0
1740;1210;2,5;2;530;2,0;2,0;0;2500;3;650000,0
1210;1210;1,0;0;0;3,0;1,0;0;9525;3;299950,0
4240;3550;3,25;3;690;4,0;2,0;0;25639;3;625000,0
1590;1090;2,25;0;500;3,0;1,0;0;11745;3;190000,0
3420;1770;1,75;3;1650;4,0;1,0;0;7200;5;715000,0
3190;2210;2,5;0;980;4,0;1,0;0;11375;5;659000,0
1920;960;1,75;2;960;3,0;1,0;0;5405;4;490000,0
1340;1340;1,75;0;0;2,0;1,0;0;4664;3;415000,0
1700;1460;1,75;0;240;3,0;1,0;0;8400;3;750000,0
2310;1490;2,5;0;820;4,0;1,5;0;3570;3;700000,0
1510;1240;1,75;0;270;3,0;1,0;0;44000;3;425000,0
2670;2670;2,5;0;0;3,0;1,0;0;10082;3;642000,0
2060;1440;2,25;0;620;4,0;1,0;0;8470;3;655000,0
2090;2090;2,5;0;0;3,0;1,5;0;6000;4;1365000,0
3090;2990;2,5;0;100;5,0;1,0;0;23265;3;458000,0
1240;1240;2,5;0;0;2,0;2,0;0;1546;3;330000,0
1860;1860;2,5;0;0;3,0;2,0;0;3690;3;384950,0
2000;2000;1,5;0;0;3,0;1,0;0;7350;3;560000,0
2500;1500;1,75;0;1000;4,0;1,0;0;92347;4;950000,0
1820;1340;2,25;0;480;4,0;1,0;0;20349;5;465000,0
1820;1260;2,25;0;560;3,0;1,0;0;8058;3;425000,0
1060;1060;2,0;0;0;3,0;1,0;0;5750;3;315000,0
1950;1950;2,5;0;0;3,0;2,0;0;9906;3;530000,0
940;940;1,0;0;0;2,0;1,0;0;4800;4;399000,0
1220;1220;1,5;0;0;2,0;1,5;0;3568;4;168000,0
4180;4180;3,5;0;0;5,0;2,0;0;17935;3;1886700,0
1200;1200;1,0;0;0;3,0;1,0;0;9800;4;374000,0
3990;3090;3,75;0;900;5,0;2,0;0;18897;3;740000,0
1880;940;1,0;0;940;2,0;1,0;0;7560;3;280000,0
2280;2280;2,5;0;0;4,0;2,0;0;7200;3;322000,0
2580;1290;1,75;0;1290;3,0;1,0;0;11000;4;459900,0
2600;1560;2,75;0;1040;4,0;1,0;0;4674;3;750000,0
3150;3150;2,5;0;0;4,0;2,0;0;13700;4;1256500,0
5550;3350;3,5;2;2200;4,0;2,0;0;28078;4;3710000,0
2220;1230;2,75;0;990;5,0;1,0;0;4000;3;427000,0
1730;1730;2,25;2;0;2,0;2,0;1;31491;4;800000,0
2840;2060;3,0;0;780;4,0;1,5;0;4120;4;735000,0
2560;2560;2,5;0;0;4,0;2,0;0;8780;3;642000,0
1330;630;2,0;0;700;3,0;1,0;0;6000;4;240000,0
1890;1890;1,0;0;0;2,0;1,5;0;5202;4;645500,0
4290;4290;4,5;0;0;7,0;1,5;0;37607;5;840000,0
1540;1540;2,0;0;0;2,0;2,0;0;54450;3;475000,0
2340;1170;2,0;0;1170;4,0;1,0;0;50233;4;568000,0
2180;1090;1,75;0;1090;3,0;1,0;0;10230;4;325000,0
2780;2780;2,5;0;0;3,0;2,0;0;11964;3;825500,0
2620;2620;2,75;0;0;4,0;2,0;0;6019;3;499431,0
3760;2860;3,5;0;900;4,0;2,0;0;5000;3;919204,0
2720;2720;2,5;0;0;4,0;2,0;0;4738;3;545000,0
2675;2675;2,25;0;0;3,0;2,0;0;40910;3;660000,0
2080;2080;2,75;0;0;5,0;2,0;0;13189;3;538888,0
2460;2460;2,5;0;0;3,0;2,0;0;12028;3;693000,0
1960;1960;2,5;0;0;3,0;2,0;0;3480;3;289950,0
2550;2550;2,5;0;0;4,0;2,0;0;6256;3;587000,0
1760;1760;2,25;0;0;3,0;3,0;0;1146;3;615000,0
1620;1090;1,75;0;530;3,0;1,0;0;7330;4;459000,0
1790;1040;1,75;0;750;3,0;1,0;0;12000;3;243000,0
3480;2580;3,5;0;900;4,0;2,0;0;7232;3;1505000,0
2780;2780;1,75;0;0;4,0;2,0;0;9900;4;660000,0
3640;2540;3,0;3;1100;5,0;2,0;0;8239;3;1595000,0
750;750;1,0;0;0;1,0;1,0;0;4000;3;250000,0
960;960;1,0;0;0;3,0;1,0;0;6634;3;315000,0
2030;1330;1,5;0;700;3,0;1,0;0;8880;3;404000,0
2930;1860;2,75;0;1070;3,0;1,0;0;5569;3;559900,0
1380;1140;2,5;0;240;2,0;2,0;0;1073;3;285000,0
1720;960;2,0;2;760;3,0;1,0;0;5525;5;500000,0
1210;1060;1,0;0;150;2,0;1,0;0;4800;3;380000,0
950;950;1,0;0;0;3,0;1,5;0;4250;5;469000,0
1710;1330;1,75;0;380;2,0;2,0;0;4234;3;405000,0
1410;1410;2,0;0;0;2,0;1,5;0;12282;5;439900,0
2910;2910;2,5;2;0;4,0;2,0;0;7631;3;525000,0
2220;2220;2,5;0;0;4,0;2,0;0;7064;3;580000,0
3160;3160;3,25;0;0;5,0;2,0;0;13238;5;1250000,0
1380;1380;2,0;0;0;3,0;1,0;0;4500;3;275000,0
1760;960;2,0;0;800;3,0;1,0;0;5000;5;629000,0
730;730;1,0;0;0;1,0;1,0;0;3000;3;395000,0
2460;1620;2,5;0;840;4,0;2,0;0;5000;5;965000,0
2160;1390;1,75;0;770;3,0;1,0;0;6272;4;820000,0
1990;1420;2,25;2;570;4,0;1,5;0;4600;4;661000,0
3740;3740;3,0;2;0;3,0;2,0;0;39640;3;789000,0
2710;2710;2,5;0;0;4,0;2,0;0;5500;3;668500,0
2680;2680;2,5;0;0;3,0;2,0;0;7836;3;350000,0
1850;1540;2,0;0;310;4,0;1,0;0;7560;4;250000,0
3190;3190;2,5;2;0;4,0;2,0;0;7869;3;725995,0
2730;2730;2,5;0;0;3,0;2,0;0;5832;3;1000000,0
1840;1840;1,5;0;0;3,0;2,0;0;9990;5;686000,0
2720;2720;2,5;0;0;4,0;2,0;0;10000;3;665000,0
4370;3610;3,5;1;760;4,0;2,0;0;8510;3;1965221,0
2290;2290;2,5;0;0;3,0;2,0;0;3475;3;653000,0
990;990;1,0;0;0;2,0;1,0;0;4802;3;430000,0
1140;1140;1,5;0;0;2,0;2,0;0;2980;3;305000,0
1840;1840;1,5;0;0;4,0;2,0;0;4337;4;809000,0
1110;1000;1,0;0;110;2,0;1,0;0;6800;5;440150,0
2150;2150;2,5;0;0;4,0;2,0;0;9070;4;615000,0
2230;2230;2,5;0;0;3,0;2,0;0;5750;3;1035000,0
1170;970;1,0;0;200;2,0;1,0;0;6000;4;455000,0
1960;980;2,5;0;980;3,0;1,0;0;7200;4;635000,0
2610;2610;2,25;0;0;3,0;2,0;0;9002;3;675000,0
2130;1570;2,25;0;560;3,0;1,0;0;8721;3;316000,0
3020;2720;2,25;0;300;3,0;2,0;0;43560;3;955000,0
1670;1670;1,75;0;0;3,0;2,0;0;5400;5;985000,0
1890;1290;1,75;0;600;3,0;1,0;0;7004;3;465500,0
950;950;1,0;0;0;3,0;1,0;0;13475;3;305000,0
2430;1670;2,5;0;760;4,0;1,0;0;14400;5;645000,0
2360;1260;2,0;0;1100;4,0;1,0;0;6000;5;730000,0
1510;1510;1,75;0;0;3,0;1,0;0;8301;3;366000,0
2080;2080;2,5;0;0;3,0;2,0;0;4828;3;290000,0
1750;1490;2,0;0;260;3,0;1,0;0;15500;3;472500,0
1810;1810;2,0;0;0;3,0;1,5;0;4064;3;550000,0
1790;1490;1,75;0;300;4,0;1,0;0;11875;4;410000,0
2340;1720;2,75;0;620;4,0;1,0;0;11034;3;440000,0
1690;1690;2,5;0;0;3,0;2,0;0;9626;3;535000,0
2070;2070;2,5;0;0;4,0;2,0;0;7476;3;300000,0
2240;2240;2,5;0;0;3,0;2,0;0;6396;3;432500,0
4500;3040;3,0;2;1460;4,0;2,0;0;21780;3;870000,0
2770;1580;1,75;0;1190;3,0;1,0;0;39927;4;492000,0
1010;1010;1,0;0;0;3,0;1,0;0;7245;3;199950,0
1120;1120;1,5;0;0;3,0;1,0;0;6900;5;439800,0
3020;1510;2,5;0;1510;5,0;1,0;0;21441;4;320000,0
4400;4400;3,25;0;0;4,0;2,0;0;186846;4;687000,0
1990;1320;1,75;1;670;3,0;1,0;0;5650;3;345000,0
1450;1050;1,0;0;400;3,0;1,0;0;8820;3;274950,0
1920;1920;2,5;0;0;4,0;2,0;0;8497;3;270000,0
1175;740;2,5;0;435;2,0;2,0;0;1366;3;342000,0
1320;1320;1,5;0;0;3,0;1,0;0;13200;3;327000,0
3990;1990;2,5;0;2000;5,0;1,0;0;3839;4;610000,0
1140;850;1,0;0;290;2,0;1,0;0;5720;3;455000,0
1720;1460;1,75;0;260;4,0;1,5;0;4240;4;540000,0
2150;1240;2,75;0;910;4,0;1,0;0;9915;5;411000,0
1790;1790;1,5;1;0;3,0;1,5;0;8203;3;544000,0
2210;2210;2,5;0;0;2,0;1,0;0;6327;3;802000,0
2180;1310;2,75;0;870;3,0;1,0;0;7519;4;568500,0
1410;1290;2,25;0;120;3,0;2,0;0;1290;3;391000,0
1950;1950;2,5;0;0;3,0;2,0;0;3600;3;298000,0
1495;1405;2,5;0;90;3,0;3,0;0;936;3;400000,0
1660;1110;2,25;0;550;3,0;1,0;0;6000;3;425000,0
1950;1950;2,5;0;0;3,0;2,0;0;8130;4;328500,0
2550;2550;2,75;0;0;5,0;1,5;0;5040;5;650000,0
1370;770;1,75;0;600;3,0;1,0;0;3850;5;850000,0
2200;1430;2,5;0;770;4,0;2,0;0;4000;5;930000,0
1250;1250;1,75;0;0;3,0;1,5;0;6041;5;530000,0
2220;1110;2,25;0;1110;4,0;1,0;0;8872;4;495000,0
1620;830;1,75;0;790;3,0;1,0;0;4200;5;500000,0
2250;2250;1,75;0;0;3,0;1,0;0;26337;3;325000,0
1720;1720;2,5;0;0;3,0;2,0;0;99916;4;365000,0
3030;2020;2,5;0;1010;4,0;2,0;0;9687;3;471000,0
1030;1030;1,0;0;0;3,0;1,0;0;9120;3;223000,0
2190;2190;2,5;0;0;3,0;2,0;0;4882;3;503000,0
1440;720;2,0;0;720;3,0;1,0;0;5600;4;230000,0
2170;1460;2,5;0;710;4,0;1,0;0;9600;3;550000,0
2930;2130;3,75;0;800;4,0;1,5;0;3200;5;1100000,0
1180;1180;1,5;0;0;3,0;1,0;0;9048;3;193000,0
2360;2360;4,25;0;0;4,0;2,0;0;57514;4;590000,0
1660;1660;1,5;0;0;3,0;1,0;0;8797;4;712500,0
2390;1390;2,75;0;1000;3,0;1,0;0;9313;5;689800,0
1360;910;2,0;0;450;3,0;1,5;0;5120;4;430000,0
1840;1540;2,25;0;300;3,0;1,5;0;3500;5;785200,0
1800;1800;2,25;0;0;3,0;1,0;0;43647;4;474900,0
4130;4130;3,75;0;0;4,0;2,0;0;12320;3;1070000,0
2220;1110;1,75;0;1110;3,0;1,0;0;132858;3;435000,0
3490;2460;3,5;4;1030;5,0;2,0;0;9680;3;941500,0
1830;1830;2,5;0;0;4,0;2,0;0;5175;3;312000,0
1550;1550;2,75;0;0;4,0;1,5;0;4000;3;835000,0
2050;2050;2,0;0;0;3,0;1,0;0;9000;4;713250,0
1230;1130;1,0;0;100;2,0;1,0;0;6600;3;440000,0
3150;3150;2,5;0;0;4,0;2,0;0;5886;3;580135,0
3800;3330;2,25;0;470;3,0;1,0;0;33825;4;575000,0
1350;1350;2,5;0;0;3,0;2,0;0;3068;3;613000,0
1530;1530;2,0;0;0;3,0;1,0;0;8700;4;235000,0
2290;2290;2,5;0;0;3,0;3,0;0;2798;4;660000,0
1480;1480;1,5;0;0;2,0;1,0;0;15641;4;280000,0
1970;1970;1,75;0;0;3,0;1,0;0;10270;4;268000,0
720;720;1,0;0;0;2,0;1,0;0;4840;4;235000,0
1080;1080;2,0;0;0;3,0;1,0;0;7236;5;390000,0
2790;2790;2,5;0;0;4,0;2,0;0;45902;3;654950,0
2040;1200;2,75;0;840;5,0;1,0;0;7488;4;449500,0
1320;1320;1,0;0;0;3,0;1,0;0;8220;3;150000,0
1680;1680;2,25;0;0;3,0;2,0;0;57063;4;440000,0
2140;1070;2,0;0;1070;3,0;1,0;0;4923;4;710000,0
1660;1380;1,75;0;280;3,0;1,0;0;9600;3;420000,0
1540;770;2,25;0;770;3,0;1,0;0;5338;5;312000,0
1880;940;2,0;0;940;3,0;1,0;0;10758;5;320000,0
1250;1250;1,0;0;0;3,0;1,0;0;15603;4;235000,0
2120;2120;2,0;0;0;5,0;1,5;0;137565;3;437000,0
1810;1810;1,75;0;0;3,0;1,5;0;3000;4;545000,0
2370;2370;2,5;0;0;3,0;2,0;0;11172;3;640000,0
1970;1970;2,5;0;0;3,0;2,0;0;4036;4;432000,0
2110;2110;2,5;0;0;3,0;2,0;0;4099;3;548000,0
2080;2080;3,0;0;0;3,0;1,5;0;10521;3;830000,0
3720;1860;2,25;2;1860;4,0;1,0;0;12384;5;875000,0
1370;1370;1,75;0;0;2,0;1,0;0;5125;5;409950,0
2961;2961;2,5;0;0;4,0;2,0;0;12146;3;695000,0
2090;2090;2,25;0;0;3,0;2,0;0;12112;3;562100,0
2600;2600;2,5;0;0;3,0;2,0;0;7210;3;475000,0
1870;1440;2,25;0;430;3,0;1,0;0;9000;3;425000,0
2620;2620;2,5;0;0;4,0;2,0;0;9873;3;600000,0
2430;2430;2,5;0;0;3,0;2,0;0;54059;3;770000,0
1340;1340;1,75;0;0;3,0;1,0;0;16480;4;239000,0
1170;1170;1,0;0;0;2,0;1,0;0;10621;3;295000,0
2000;1400;1,75;0;600;3,0;1,0;0;10182;5;560000,0
2070;1340;2,5;0;730;5,0;1,0;0;12000;4;613000,0
4590;3490;3,0;0;1100;4,0;2,0;0;9150;3;960000,0
2550;2550;1,0;0;0;5,0;2,5;0;4623;4;847000,0
1060;1060;1,0;0;0;3,0;1,0;0;9600;4;206000,0
1220;860;1,75;0;360;2,0;1,0;0;5000;5;253000,0
1790;1110;2,25;0;680;4,0;1,0;0;7203;4;430000,0
2060;1120;2,0;0;940;3,0;1,0;0;4040;4;605000,0
1140;1140;2,5;0;0;2,0;3,0;0;1182;3;425000,0
2870;2870;2,5;0;0;4,0;2,0;0;12648;4;720000,0
2550;1750;1,5;0;800;6,0;1,0;0;33740;4;375900,0
2790;2790;3,5;0;0;4,0;1,5;0;10125;5;1298000,0
1110;1110;1,0;0;0;3,0;1,0;0;7962;3;210000,0
940;940;1,0;0;0;2,0;1,0;0;5375;4;234000,0
2880;1580;1,75;0;1300;3,0;1,0;0;18296;3;285000,0
1200;1200;1,5;0;0;3,0;1,0;0;4800;4;400000,0
1030;1030;1,0;0;0;3,0;1,0;0;4958;5;718000,0
1240;1240;2,5;0;0;2,0;2,0;0;2689;3;174500,0
1200;1200;2,0;0;0;3,0;1,0;0;9566;3;222400,0
2780;2780;3,25;0;0;3,0;2,0;0;4002;3;402500,0
1765;1765;2,25;0;0;3,0;2,0;0;7652;3;250000,0
1960;1290;2,5;1;670;4,0;1,0;0;14242;4;600000,0
2680;2680;2,5;0;0;2,0;1,0;0;11214;3;930000,0
1410;1410;2,0;0;0;3,0;1,0;0;7622;4;272500,0
2240;2240;2,5;0;0;4,0;2,0;0;3712;3;363990,0
3120;3120;2,75;0;0;4,0;2,0;0;7644;3;575000,0
1450;1450;2,25;0;0;3,0;2,0;0;4706;3;400000,0
2340;2340;3,0;0;0;3,0;2,0;0;5002;3;427874,0
2481;2481;2,75;0;0;5,0;2,0;0;4045;3;309000,0
1530;1140;3,25;0;390;3,0;2,0;0;1602;3;320000,0
1250;1250;2,25;0;0;3,0;1,0;0;7500;5;390000,0
560;560;0,75;0;0;1,0;1,0;0;12120;3;299000,0
2200;1100;1,75;0;1100;4,0;1,0;0;7475;5;375000,0
1460;990;1,75;0;470;3,0;1,0;0;10584;3;240500,0
1650;1130;1,5;0;520;3,0;1,0;0;9380;5;320000,0
3200;2160;2,5;0;1040;5,0;1,0;0;17204;3;1270000,0
2560;2560;2,25;0;0;3,0;2,0;0;41346;3;658588,0
2080;1550;2,25;0;530;3,0;1,5;0;4252;3;270000,0
1070;1070;1,0;0;0;3,0;1,0;0;7140;3;327500,0
2190;2190;1,75;0;0;3,0;2,0;0;12626;4;340000,0
2060;2060;1,5;0;0;3,0;1,5;0;15837;3;200000,0
2640;1320;1,75;3;1320;3,0;1,0;0;8000;4;1025000,0
1720;1000;2,5;0;720;3,0;1,0;0;8755;3;275000,0
3880;2540;3,5;3;1340;5,0;2,0;0;13885;4;1126000,0
960;960;1,0;0;0;2,0;1,0;0;4920;3;280000,0
2340;2340;2,5;0;0;3,0;1,0;0;59058;3;485000,0
2660;2660;2,5;2;0;3,0;2,0;0;13367;3;1901000,0
2090;1610;1,75;0;480;3,0;2,0;0;4725;3;865000,0
1820;1820;2,5;0;0;3,0;2,0;0;4910;3;532000,0
2310;2310;2,5;0;0;4,0;2,0;0;8030;3;364950,0
920;920;1,0;0;0;3,0;1,0;0;14400;4;212500,0
790;790;1,0;0;0;1,0;1,0;0;13062;3;135000,0
1500;910;1,75;0;590;2,0;1,0;0;6800;4;437000,0
1240;1240;1,0;0;0;3,0;1,0;0;11108;4;390000,0
2730;2730;2,5;0;0;4,0;2,0;0;36183;3;760000,0
1170;1170;1,0;0;0;3,0;1,0;0;11000;2;119500,0
3410;2760;3,25;3;650;5,0;2,0;0;9088;3;2400000,0
2700;2700;2,5;0;0;4,0;2,0;0;9320;4;837500,0
1650;1650;1,75;0;0;4,0;1,0;0;7800;3;327500,0
670;670;1,0;0;0;2,0;1,0;0;2378;3;175000,0
1670;1670;2,0;0;0;3,0;1,0;0;7757;3;289950,0
1530;1530;1,75;0;0;3,0;1,0;0;10731;3;400000,0
1500;1150;2,25;0;350;3,0;1,0;0;7615;3;219950,0
1720;1220;1,75;0;500;4,0;1,0;0;7200;3;161700,0
2920;2920;3,0;0;0;5,0;2,0;0;11440;3;500000,0
910;910;1,0;0;0;3,0;1,0;0;4500;3;465000,0
1050;1050;1,0;0;0;3,0;1,0;0;4160;4;540000,0
1540;1540;2,0;0;0;3,0;1,0;0;7800;3;525000,0
1210;1210;1,0;0;0;3,0;1,0;0;7440;3;324950,0
2650;1400;2,5;0;1250;5,0;1,0;0;11455;3;565000,0
1990;1130;2,0;0;860;3,0;1,0;0;3990;5;760500,0
2660;1470;2,75;4;1190;5,0;1,0;0;8737;5;1100000,0
4060;2150;2,5;4;1910;4,0;1,0;0;9734;3;603500,0
2300;1170;2,5;0;1130;5,0;1,0;0;23345;5;453500,0
2630;1650;2,75;0;980;6,0;1,0;0;16411;4;583000,0
770;770;1,0;0;0;2,0;1,0;0;8149;5;275000,0
3790;3790;2,75;0;0;4,0;2,0;0;10669;3;875000,0
2540;1600;2,75;0;940;4,0;1,0;0;7210;4;335000,0
2500;1600;2,25;0;900;4,0;1,0;0;8500;4;646000,0
2150;2150;2,5;0;0;4,0;2,0;0;7303;3;392500,0
1670;1670;1,75;0;0;3,0;1,0;0;9600;5;785000,0
1800;1800;2,0;0;0;3,0;1,0;0;12669;3;470000,0
2070;2070;2,5;0;0;3,0;2,0;0;12708;3;560000,0
830;830;1,0;0;0;2,0;1,0;0;2820;4;519000,0
2370;1650;2,25;0;720;3,0;1,0;0;9619;4;746000,0
1010;1010;1,0;0;0;3,0;1,0;0;5400;3;317000,0
1420;1420;1,5;0;0;3,0;1,0;0;4500;3;371000,0
2120;2120;2,0;0;0;4,0;1,5;0;8701;4;250000,0
2020;1430;1,75;0;590;4,0;1,0;0;7029;4;532000,0
1520;1040;2,5;0;480;3,0;2,0;0;2208;3;499950,0
820;820;1,0;0;0;2,0;1,0;0;6250;4;375000,0
1690;1690;2,5;0;0;3,0;2,5;0;1553;3;640000,0
2260;1130;2,0;0;1130;3,0;1,0;0;11305;3;400000,0
1830;1290;2,25;0;540;3,0;1,0;0;7897;4;572000,0
1350;1110;2,0;0;240;3,0;1,0;0;11150;3;310000,0
3280;2440;3,5;0;840;5,0;2,0;0;4000;3;989000,0
2770;2770;2,5;0;0;4,0;2,0;0;45514;4;685000,0
2770;2770;2,5;0;0;4,0;2,0;0;8642;4;907500,0
2460;2460;2,5;0;0;4,0;2,0;0;5091;3;427500,0
4720;3190;3,25;2;1530;3,0;2,0;0;32467;3;860000,0
1250;1250;1,0;0;0;2,0;1,0;0;8100;4;365000,0
1710;1710;2,0;0;0;3,0;2,0;0;7225;4;250500,0
1840;1040;1,75;0;800;3,0;1,0;0;5101;5;411715,0
2000;2000;2,5;0;0;4,0;2,0;0;5962;3;415000,0
650;650;1,0;0;0;1,0;1,0;0;15364;4;129000,0
1020;920;1,5;0;100;3,0;1,0;0;9072;3;489000,0
1500;1500;1,0;0;0;2,0;1,0;0;18540;3;170000,0
2060;2060;2,5;0;0;3,0;2,0;0;4399;3;418500,0
1810;950;1,5;0;860;3,0;1,0;0;29308;3;261000,0
3810;3810;4,5;4;0;6,0;1,0;0;28176;5;2005000,0
1650;950;1,75;0;700;2,0;1,0;0;4000;4;355000,0
1540;1540;3,25;0;0;3,0;3,0;0;704;3;742000,0
2080;1190;1,5;0;890;3,0;1,0;0;5244;3;399950,0
2430;1810;2,25;0;620;3,0;2,0;0;5500;3;791000,0
1750;1750;2,0;0;0;5,0;1,0;0;10284;4;190000,0
1770;1770;1,75;0;0;3,0;1,0;0;33224;4;229500,0
1710;1570;2,5;0;140;3,0;2,0;0;2300;3;539000,0
2740;2740;2,25;0;0;4,0;2,0;0;88426;3;549000,0
2730;1660;2,5;0;1070;5,0;1,0;0;17240;5;545000,0
2437;2437;2,5;0;0;3,0;2,0;0;5136;3;285000,0
3290;3290;2,5;0;0;4,0;2,0;0;6203;3;648000,0
2910;2910;3,5;0;0;4,0;2,0;0;5260;3;610000,0
1630;1630;2,0;0;0;3,0;1,0;0;7599;3;767450,0
4410;3400;3,0;0;1010;4,0;2,0;0;5104;3;765000,0
1780;1600;2,5;0;180;3,0;3,0;0;1487;3;586500,0
1540;1540;3,25;0;0;3,0;2,0;0;1487;3;520000,0
1420;1420;1,75;0;0;3,0;3,0;0;1189;3;455000,0
2680;1610;2,5;0;1070;3,0;1,0;0;9750;4;653000,0
1750;1350;2,0;0;400;3,0;1,0;0;9750;3;279950,0
2170;2170;2,5;0;0;3,0;2,0;0;4912;3;449950,0
2390;1360;2,75;0;1030;3,0;1,0;0;9966;5;565000,0
2400;1460;2,25;0;940;4,0;1,5;0;5350;4;620000,0
1690;1020;1,0;0;670;3,0;1,0;0;4250;3;269000,0
3250;2500;3,5;0;750;3,0;2,0;0;6000;3;875000,0
4610;2500;3,75;0;2110;4,0;1,0;0;40202;4;630000,0
2440;2440;2,75;1;0;4,0;2,0;0;15349;4;425000,0
1290;1290;1,75;0;0;3,0;1,0;0;3870;5;647500,0
2000;1250;1,0;0;750;4,0;1,5;0;4676;3;450000,0
1050;1050;1,0;0;0;3,0;1,0;0;7500;3;440000,0
2340;2340;2,5;0;0;4,0;2,0;0;3784;3;445000,0
2210;2210;2,25;0;0;4,0;2,0;0;7665;4;530000,0
2920;2320;2,5;0;600;5,0;2,0;0;5568;3;875000,0
3150;3000;2,75;0;150;3,0;2,0;0;219978;4;685000,0
3590;3590;3,5;0;0;3,0;2,0;0;6402;3;798000,0
1910;1910;2,5;0;0;4,0;2,0;0;5000;3;297500,0
3110;3110;2,75;0;0;4,0;2,0;0;35235;4;749950,0
2440;1450;3,0;0;990;5,0;1,0;0;4750;3;495000,0
1330;1330;2,25;0;0;4,0;1,5;0;8400;3;540000,0
1460;1460;1,75;0;0;3,0;1,0;0;22651;4;395000,0
3902;2782;4,5;4;1120;6,0;3,0;0;3880;4;1300000,0
5180;4070;4,75;2;1110;5,0;2,0;0;17811;3;1075000,0
1150;1150;2,5;0;0;2,0;2,0;0;2064;3;214100,0
1920;1370;1,5;0;550;4,0;1,0;0;10403;3;210000,0
2520;2520;2,5;0;0;3,0;1,5;0;53143;3;499500,0
970;970;1,0;0;0;2,0;1,0;0;3400;3;546000,0
2490;1490;2,5;0;1000;5,0;1,0;0;7666;4;292000,0
1680;1680;2,0;0;0;3,0;1,0;0;8424;3;289000,0
1150;1150;1,0;0;0;3,0;1,0;0;4825;4;240000,0
1980;1160;3,0;0;820;4,0;1,0;0;7931;4;395000,0
2070;1700;2,25;0;370;4,0;1,0;0;13084;4;795000,0
5660;4100;4,25;0;1560;4,0;2,0;0;193593;3;955000,0
2420;1530;2,75;0;890;4,0;1,0;0;10962;3;725000,0
2610;2610;2,5;0;0;4,0;2,0;0;4781;3;335000,0
2810;2070;3,75;2;740;4,0;2,0;0;10840;4;492000,0
1510;1030;2,5;0;480;3,0;1,0;0;10384;2;250000,0
1910;1080;1,75;0;830;3,0;1,0;0;4800;3;700000,0
1700;1700;1,75;0;0;3,0;1,5;0;51649;5;545000,0
2020;1420;2,75;0;600;4,0;1,0;0;10720;4;555000,0
2340;1170;1,75;0;1170;3,0;1,0;0;4206;5;640000,0
1463;1463;2,0;0;0;3,0;3,0;0;868;3;390000,0
1430;950;1,0;0;480;3,0;1,0;0;3840;3;466500,0
1180;800;1,5;0;380;3,0;1,0;0;12324;3;372500,0
4400;3390;4,5;0;1010;5,0;2,0;0;15580;3;1800000,0
1610;1610;2,5;0;0;3,0;2,0;0;6176;3;255000,0
1480;1480;2,5;0;0;3,0;2,0;0;14250;3;466800,0
2670;2670;2,5;0;0;3,0;2,0;0;10338;3;749000,0
1830;1230;1,75;0;600;4,0;2,0;0;29110;3;610000,0
920;920;1,0;0;0;2,0;1,0;0;4095;4;356000,0
1150;1150;1,0;0;0;3,0;1,0;0;19200;4;165000,0
1190;830;1,0;0;360;2,0;1,0;0;7408;3;229000,0
4160;2760;3,25;0;1400;4,0;2,0;0;35654;3;530000,0
2370;2370;2,5;0;0;3,0;2,0;0;12753;3;499950,0
1660;1660;1,75;0;0;4,0;1,5;0;3800;3;619000,0
1480;1480;2,5;0;0;3,0;1,0;0;8381;4;547000,0
2390;2390;2,5;0;0;4,0;2,0;0;6426;3;359800,0
1690;1360;3,5;0;330;3,0;2,0;0;1432;3;499000,0
1010;1010;1,0;0;0;3,0;1,0;0;7560;3;189000,0
3500;2500;3,5;0;1000;4,0;2,0;0;8547;3;799000,0
2330;1800;2,75;0;530;4,0;1,0;0;7642;3;257000,0
1890;1090;1,5;0;800;3,0;1,0;0;9450;3;270000,0
2000;1300;1,75;2;700;4,0;1,0;0;6032;3;453500,0
1130;1130;1,0;0;0;3,0;1,0;0;10650;3;237000,0
1670;1670;1,75;0;0;4,0;1,0;0;9886;5;456000,0
2600;2600;2,5;0;0;3,0;2,0;0;5540;3;355500,0
1560;1560;1,75;0;0;4,0;1,0;0;31299;4;299950,0
1170;1170;2,0;0;0;3,0;1,0;0;5360;3;335000,0
2100;2100;2,5;0;0;4,0;2,0;0;4237;3;268500,0
1710;1210;2,25;0;500;3,0;1,0;0;11500;3;385000,0
2420;2420;2,75;0;0;4,0;2,0;0;5773;3;376000,0
1370;1370;2,0;0;0;4,0;2,0;0;4000;3;605004,0
2660;1480;2,0;0;1180;4,0;1,5;0;3900;4;886000,0
2260;2260;2,5;0;0;4,0;2,0;0;3713;3;560000,0
2070;2070;2,5;0;0;4,0;2,0;0;4500;3;343000,0
4670;4670;5,25;0;0;4,0;2,0;0;43950;3;1415000,0
1500;1500;1,0;0;0;3,0;1,0;0;13500;4;270000,0
2658;2658;2,5;0;0;4,0;2,0;0;3960;3;411605,0
2700;2700;2,5;0;0;4,0;2,0;0;5150;3;550000,0
1530;1050;2,25;0;480;3,0;2,0;0;1245;3;465000,0
1480;1280;2,5;0;200;3,0;2,0;0;1485;3;584000,0
1390;1140;3,0;0;250;3,0;2,0;0;1080;3;275000,0
1660;1660;2,5;0;0;3,0;2,0;0;3990;3;324500,0
2050;2050;2,5;0;0;3,0;2,0;0;4185;3;700000,0
1550;1550;1,0;0;0;4,0;1,5;0;7740;3;385200,0
1900;1900;2,25;0;0;4,0;1,0;0;8600;4;270000,0
2820;2050;2,5;0;770;4,0;2,0;0;6180;3;735000,0
1490;930;1,5;0;560;2,0;1,0;0;4080;3;389250,0
1750;1150;1,5;0;600;3,0;1,0;0;12500;3;315000,0
2040;2040;2,5;0;0;4,0;2,0;0;6034;3;545000,0
1900;1640;1,5;0;260;3,0;1,5;0;5000;3;550000,0
1910;1340;1,75;0;570;3,0;1,0;0;12596;3;415000,0
1560;1560;1,0;0;0;3,0;1,0;0;14333;4;387500,0
1470;1070;1,75;3;400;3,0;1,0;0;6250;4;432000,0
2700;1350;2,5;3;1350;3,0;1,0;0;9994;4;402000,0
3450;2430;3,25;3;1020;4,0;2,0;0;11240;4;1035000,0
1970;1300;2,0;0;670;3,0;1,0;0;9600;4;294700,0
2670;2670;2,5;0;0;3,0;2,0;0;12187;3;744000,0
2550;2550;2,5;0;0;3,0;2,0;0;13458;3;715000,0
1720;1720;1,0;0;0;4,0;1,5;0;4011;4;500000,0
4270;3180;4,0;3;1090;4,0;2,0;0;6002;3;1300000,0
2170;1130;1,5;2;1040;3,0;1,0;1;16600;3;1150000,0
2840;2840;2,5;0;0;4,0;2,0;0;9354;3;650000,0
3270;2720;2,75;0;550;4,0;2,0;0;50994;4;435000,0
1480;1480;1,75;0;0;3,0;1,0;0;7040;3;510000,0
2440;1240;2,75;0;1200;5,0;1,0;0;8000;4;525000,0
2880;1710;2,75;0;1170;4,0;1,5;0;5750;5;920000,0
1730;1380;1,0;0;350;2,0;1,0;0;9610;3;200000,0
1260;1260;1,0;0;0;2,0;1,5;0;4080;5;435000,0
2230;2230;2,0;0;0;4,0;1,5;0;9900;5;809950,0
2460;1930;2,25;4;530;2,0;1,5;0;16940;4;1370000,0
2050;1250;1,75;0;800;4,0;1,0;0;94525;4;455000,0
2030;1720;2,5;0;310;3,0;2,0;0;2805;3;471000,0
810;810;1,0;0;0;2,0;1,0;0;4800;3;253500,0
1840;920;1,0;0;920;3,0;1,0;0;8100;4;185000,0
1730;1730;1,5;0;0;3,0;2,0;0;40250;4;535500,0
2280;2280;2,0;0;0;2,0;1,0;0;6815;3;835000,0
2630;2630;2,5;0;0;4,0;2,0;0;6326;3;589500,0
2270;1820;2,25;0;450;3,0;1,0;0;23900;3;680000,0
1020;1020;1,75;0;0;3,0;1,5;0;7020;4;360000,0
1990;1680;2,5;0;310;4,0;2,0;0;2175;3;595000,0
2680;2680;2,5;0;0;4,0;2,0;0;15508;3;300000,0
1980;1140;1,75;0;840;3,0;1,5;0;3300;4;660000,0
2400;2400;2,5;0;0;3,0;2,0;0;6975;3;570000,0
780;780;1,0;0;0;2,0;1,0;0;5000;4;285000,0
980;980;2,0;0;0;3,0;1,0;0;5000;3;435000,0
1210;1210;1,0;0;0;3,0;1,0;0;103237;2;160000,0
4600;2300;2,5;3;2300;5,0;1,0;0;19831;3;805000,0
1480;1480;2,5;0;0;3,0;2,0;0;1961;3;450000,0
1320;1320;1,5;0;0;4,0;1,0;0;14250;4;510000,0
4400;2250;2,75;3;2150;5,0;1,0;0;18500;5;1120000,0
3010;2370;3,5;0;640;4,0;2,0;0;3600;3;1280000,0
2260;1780;2,0;0;480;3,0;1,0;0;9568;3;539000,0
1880;1880;2,0;0;0;4,0;2,0;0;14653;3;407193,0
1370;1370;1,75;0;0;3,0;1,0;0;9900;4;320000,0
2720;1800;3,0;0;920;4,0;2,0;0;3800;5;739000,0
1740;990;1,75;0;750;2,0;1,0;0;5400;4;452000,0
2560;2560;2,5;0;0;4,0;2,0;0;5593;3;600000,0
2690;2690;2,5;0;0;5,0;2,0;0;5557;3;279000,0
3240;3240;3,0;0;0;4,0;2,0;0;5562;3;895000,0
2430;2430;2,5;0;0;4,0;2,0;0;4747;3;585000,0
1405;1140;2,0;0;265;2,0;2,0;0;1073;3;405000,0
3030;3030;2,75;0;0;5,0;2,0;0;7679;3;837219,0
4150;4150;2,5;0;0;4,0;2,0;0;8436;3;969990,0
1730;1730;3,0;0;0;3,0;3,0;0;2940;3;490000,0
3820;2040;2,5;0;1780;6,0;1,0;0;53173;4;611000,0
3070;3070;2,5;0;0;4,0;2,0;0;6432;3;462000,0
1780;1780;2,5;0;0;4,0;2,0;0;4169;3;540000,0
1811;1811;2,5;0;0;4,0;2,0;0;4381;3;260000,0
2450;2450;2,25;0;0;4,0;2,0;0;62290;3;510000,0
2300;2300;2,5;0;0;3,0;2,0;0;7398;3;567500,0
1440;960;1,0;0;480;2,0;1,0;0;3225;3;445000,0
2370;2370;2,25;0;0;4,0;2,0;0;9360;4;684680,0
4420;3150;3,25;4;1270;4,0;2,0;1;7850;3;2700000,0
1300;1300;1,0;0;0;3,0;1,5;0;3550;3;455000,0
2870;2090;3,0;0;780;5,0;2,0;0;4369;3;540000,0
3400;2470;2,75;2;930;3,0;2,0;0;7200;3;530000,0
1410;910;1,0;0;500;3,0;1,0;0;5060;4;410000,0
1640;1110;1,75;0;530;3,0;1,0;0;13500;3;450000,0
3190;3190;2,5;0;0;4,0;2,0;0;7399;3;609900,0
2380;2380;2,5;0;0;4,0;2,0;0;13435;3;648000,0
2260;2260;2,5;0;0;3,0;2,0;0;4165;3;550000,0
1240;1240;1,75;0;0;3,0;1,0;0;8050;4;347000,0
4220;2110;3,5;0;2110;5,0;1,0;0;26784;3;1635000,0
4250;3260;2,5;2;990;4,0;2,0;0;19387;4;1339000,0
1860;1200;1,5;0;660;3,0;1,0;0;7963;3;288350,0
2850;1730;2,5;0;1120;3,0;1,0;0;10474;4;1150000,0
2470;2470;3,0;0;0;3,0;2,0;0;36445;4;525000,0
2210;2210;2,25;0;0;3,0;2,0;0;8000;4;250250,0
1920;1500;1,75;0;420;4,0;1,0;0;7665;4;341000,0
3150;3150;3,0;0;0;4,0;2,0;0;7778;3;700000,0
2700;2700;1,75;0;0;4,0;1,5;0;7875;4;390000,0
2190;1240;2,25;1;950;3,0;1,0;0;7149;4;539950,0
1380;1380;2,5;0;0;2,0;3,0;0;951;3;552000,0
2520;1510;1,5;0;1010;5,0;1,5;0;5753;4;250000,0
1300;1300;1,75;0;0;3,0;1,0;0;8800;4;502000,0
2220;2220;1,75;3;0;4,0;2,0;0;6500;4;480000,0
730;730;1,0;0;0;2,0;1,0;0;7528;3;378500,0
3300;3300;3,25;0;0;4,0;2,0;0;15907;5;1350000,0
4130;4130;3,25;0;0;4,0;2,0;0;112521;3;1900000,0
2670;2670;2,5;3;0;3,0;2,0;0;47480;3;605000,0
1980;1980;2,5;0;0;4,0;2,0;0;5909;3;307550,0
740;740;1,0;0;0;2,0;1,0;0;5995;4;304700,0
2050;1070;1,75;0;980;3,0;1,0;0;3520;4;568000,0
1230;1230;1,75;0;0;3,0;1,0;0;7500;3;385000,0
1210;1210;2,5;0;0;3,0;3,0;0;1420;3;345000,0
1890;1230;2,25;0;660;3,0;1,0;0;7200;4;435000,0
1870;1870;2,0;0;0;2,0;1,0;0;6275;3;579000,0
1330;1330;1,75;0;0;3,0;1,0;0;6301;3;236000,0
1590;1590;2,0;0;0;3,0;1,0;0;35988;4;305100,0
1710;1710;1,75;0;0;3,0;1,0;0;10800;4;368000,0
1200;1200;1,0;2;0;2,0;1,0;0;9000;5;255000,0
1140;1140;1,0;0;0;2,0;1,0;0;5100;3;400000,0
2240;1120;1,75;0;1120;3,0;1,0;0;8153;3;440000,0
920;920;1,0;0;0;2,0;1,0;0;6600;3;417000,0
800;800;1,0;0;0;2,0;1,0;0;5000;3;435000,0
1980;1980;2,75;0;0;4,0;1,0;0;11443;5;475000,0
2800;2800;2,5;0;0;4,0;2,0;0;12831;3;563500,0
1680;1680;2,25;0;0;3,0;2,0;0;35127;3;285000,0
2330;2330;2,5;0;0;4,0;2,0;0;9928;3;471000,0
2240;2240;1,75;0;0;4,0;1,5;0;9886;4;500000,0
2140;2140;2,5;0;0;3,0;2,0;0;8925;3;640000,0
2170;2170;2,5;0;0;4,0;2,0;0;14024;3;442500,0
1150;1150;1,5;0;0;3,0;1,0;0;8686;4;213400,0
2030;1630;2,5;0;400;4,0;1,5;0;3905;4;831000,0
1350;1350;2,0;0;0;3,0;1,0;0;11805;3;325000,0
910;910;1,0;0;0;2,0;1,0;0;4635;4;425000,0
2700;1440;2,5;0;1260;4,0;1,0;0;5100;4;550000,0
3730;2440;3,5;2;1290;4,0;2,0;0;15029;3;599950,0
2740;2740;2,5;0;0;4,0;2,0;0;16007;3;1225000,0
2050;1370;3,25;0;680;4,0;2,0;0;5000;4;750000,0
2390;2390;3,0;0;0;4,0;2,0;0;4500;3;290000,0
1990;1270;2,75;0;720;4,0;1,0;0;7252;3;270000,0
1300;1300;1,75;0;0;4,0;1,0;0;21000;4;229950,0
1330;1330;1,0;0;0;3,0;1,0;0;8912;3;234999,0
1000;1000;1,0;0;0;2,0;1,0;0;31505;3;265000,0
2190;2190;2,75;0;0;4,0;2,0;0;14937;3;367300,0
1380;1380;1,75;0;0;3,0;1,5;0;3402;3;550000,0
2610;2610;2,5;0;0;4,0;2,0;0;33206;3;743700,0
1060;960;1,75;0;100;2,0;2,0;0;1241;3;352750,0
710;710;1,0;0;0;2,0;2,0;0;1136;4;403950,0
2730;2230;2,5;0;500;4,0;1,5;0;4800;5;980000,0
2470;2470;1,75;2;0;4,0;2,0;0;131790;3;585000,0
1760;1760;1,75;0;0;3,0;1,0;0;10780;3;554000,0
1530;1530;2,5;0;0;3,0;2,0;0;3464;3;546000,0
1610;1610;1,75;0;0;2,0;1,5;0;158558;2;280000,0
1030;1030;2,0;0;0;2,0;1,0;0;21712;4;212500,0
2800;2800;2,5;0;0;4,0;2,0;0;246114;3;739000,0
1310;780;2,0;0;530;3,0;1,0;0;2550;3;428000,0
3160;3160;2,25;0;0;4,0;1,0;0;34560;4;965000,0
2500;2500;3,0;0;0;3,0;2,0;0;8304;3;364900,0
2070;1140;1,5;0;930;3,0;1,0;0;5386;4;559000,0
1980;1480;1,75;0;500;4,0;1,0;0;9000;2;213000,0
2590;2590;2,5;0;0;3,0;2,0;0;7237;3;620000,0
1910;1910;1,0;0;0;4,0;1,5;0;16320;3;240000,0
2630;1580;2,5;0;1050;3,0;1,0;0;10100;4;852500,0
2630;2630;2,5;0;0;3,0;2,0;0;77972;3;600000,0
1960;1960;2,5;0;0;3,0;2,0;0;4400;3;410000,0
1440;1440;1,75;0;0;3,0;2,0;0;45302;3;328000,0
2210;1390;1,75;0;820;3,0;1,0;0;16200;3;625000,0
2350;2350;2,5;0;0;4,0;2,0;0;63162;4;649950,0
1590;1590;1,0;0;0;3,0;1,5;0;13000;3;235000,0
1500;1240;3,5;0;260;3,0;2,0;0;1249;3;489000,0
1900;1900;2,5;0;0;3,0;2,0;0;6224;3;536000,0
2370;2370;3,5;0;0;4,0;2,5;0;3692;3;400000,0
1720;1240;2,5;0;480;3,0;2,0;0;1715;3;398000,0
2020;2020;1,5;0;0;4,0;1,0;0;7560;4;379000,0
1340;1120;1,5;0;220;2,0;2,0;0;1210;3;345000,0
1800;1800;2,5;0;0;3,0;2,0;0;2700;3;365000,0
1480;1150;2,5;0;330;3,0;2,0;0;1590;3;315000,0
2750;2250;2,0;0;500;4,0;1,5;0;7807;5;571000,0
3760;3760;4,0;0;0;5,0;2,0;0;28040;3;1025000,0
2540;2540;2,75;0;0;3,0;2,0;0;4694;3;695000,0
1760;920;1,75;0;840;3,0;1,0;0;26055;3;225000,0
3000;3000;2,5;0;0;3,0;2,0;0;25341;3;740000,0
1930;1930;2,5;0;0;4,0;2,0;0;9643;4;315000,0
3040;3040;2,5;0;0;4,0;2,0;0;7000;3;1230000,0
860;860;1,0;0;0;2,0;1,0;0;3880;4;420000,0
1420;1100;1,75;0;320;3,0;1,0;0;7650;4;310000,0
2080;1160;2,0;0;920;3,0;1,0;0;3880;5;700000,0
1560;1560;2,5;0;0;3,0;2,0;0;4200;3;269000,0
1960;1960;2,5;0;0;4,0;2,0;0;7133;3;369990,0
1620;1620;2,25;0;0;3,0;2,0;0;4500;4;800000,0
3670;2060;3,0;0;1610;5,0;1,0;0;10583;5;569000,0
1930;1030;1,5;0;900;6,0;1,0;0;8400;3;175000,0
1290;1290;1,5;0;0;3,0;3,0;0;1286;3;440000,0
1970;1450;2,25;0;520;5,0;1,0;0;15247;3;435000,0
1540;920;1,75;0;620;3,0;1,0;0;6909;4;345000,0
2180;1020;2,0;0;1160;4,0;1,0;0;3870;3;558000,0
1490;1490;1,75;2;0;2,0;1,0;0;224334;3;475000,0
2220;1640;2,0;0;580;3,0;2,0;0;10275;3;490000,0
2430;1410;1,75;0;1020;3,0;1,0;0;9133;4;335000,0
1392;1392;0,75;0;0;2,0;1,5;0;43710;4;350000,0
1120;860;1,0;0;260;4,0;1,0;0;2685;3;100000,0
1390;1390;1,0;0;0;4,0;1,5;0;10800;4;417500,0
2040;1020;1,75;0;1020;3,0;1,0;0;7281;3;253000,0
2830;2460;3,0;0;370;5,0;2,0;0;7500;3;1240000,0
3020;3020;2,5;0;0;4,0;2,0;0;8302;4;490000,0
2290;1620;1,75;0;670;3,0;1,0;0;14800;3;470000,0
1210;1210;2,0;0;0;4,0;1,0;0;11100;4;483300,0
2510;2510;2,5;0;0;3,0;2,0;0;6320;3;659000,0
2320;1140;1,75;0;1180;4,0;1,0;0;4322;3;480000,0
970;970;1,0;0;0;3,0;1,0;0;6600;3;165000,0
1820;1620;1,75;0;200;3,0;1,0;0;5500;4;659500,0
970;970;1,0;0;0;3,0;1,0;0;7742;4;219900,0
1740;950;1,0;0;790;2,0;1,0;0;3622;4;315000,0
1590;1130;1,75;0;460;3,0;1,0;0;7560;3;250000,0
1380;870;1,0;0;510;2,0;1,0;0;5000;3;268000,0
1680;1130;1,5;0;550;4,0;1,0;0;11123;3;380000,0
1220;920;1,0;0;300;2,0;1,0;0;3000;3;499000,0
1651;1651;2,0;0;0;2,0;1,0;0;18200;3;285000,0
1330;1330;1,75;0;0;3,0;1,0;0;9200;4;183000,0
2940;2230;3,0;0;710;3,0;2,0;0;4622;4;1070000,0
1410;1410;3,25;0;0;3,0;3,0;0;1246;3;429000,0
1100;1100;1,0;0;0;2,0;1,0;0;3598;4;403000,0
1530;1530;1,5;0;0;3,0;1,0;0;7200;3;375500,0
5270;4010;3,25;1;1260;5,0;2,0;0;17232;3;1795000,0
2110;1080;2,0;0;1030;3,0;1,0;0;5150;5;516200,0
1720;860;1,75;0;860;4,0;1,0;0;8750;3;385000,0
1800;1800;2,5;0;0;3,0;2,0;0;5001;3;515000,0
2210;2210;2,5;0;0;4,0;2,0;0;9427;3;375000,0
2560;2560;2,25;0;0;4,0;2,0;0;9731;4;650000,0
1010;1010;1,5;0;0;2,0;2,0;0;7719;3;306888,0
3340;2470;2,5;1;870;4,0;2,0;0;12248;3;870000,0
1740;1740;1,0;0;0;4,0;1,5;0;11075;3;310000,0
1320;1320;2,0;0;0;3,0;1,0;0;7200;5;251750,0
1520;1520;1,75;0;0;3,0;1,0;0;8625;3;366000,0
2010;1570;1,5;0;440;3,0;1,0;0;9480;3;429950,0
2440;1990;3,5;0;450;3,0;2,0;0;3427;3;710000,0
2550;1610;2,5;0;940;5,0;1,0;0;20875;4;895000,0
1010;1010;1,0;0;0;3,0;1,0;0;9450;4;149500,0
1780;1230;2,5;0;550;3,0;1,0;0;6771;3;310000,0
2180;1680;2,0;2;500;3,0;1,5;0;4976;4;555000,0
2750;2150;3,25;1;600;5,0;2,0;0;7500;3;750000,0
3490;3490;3,25;0;0;4,0;2,0;0;7024;3;745000,0
2550;2550;2,5;0;0;3,0;2,0;0;45254;3;695000,0
1870;1270;1,75;0;600;3,0;1,0;0;7189;3;433000,0
1150;1150;1,0;0;0;4,0;1,5;0;8184;3;307000,0
2050;1460;1,75;0;590;3,0;1,0;0;11856;3;655275,0
1940;1940;2,75;0;0;4,0;2,0;0;6555;3;392000,0
3630;2470;3,75;0;1160;5,0;1,5;0;6000;3;1180000,0
1890;1890;1,75;0;0;3,0;2,0;0;9100;4;359950,0
1630;1630;2,0;0;0;4,0;1,0;0;10375;5;360000,0
2440;1340;1,75;0;1100;4,0;1,0;0;5000;3;566000,0
3100;3100;2,75;2;0;5,0;2,0;0;9825;4;700000,0
2090;2090;2,5;0;0;3,0;2,0;0;6045;3;415000,0
920;920;1,0;0;0;3,0;1,0;0;9812;4;199500,0
1580;1580;1,0;0;0;3,0;1,5;0;5000;3;749000,0
1760;1460;1,75;0;300;3,0;1,0;0;8400;4;680000,0
2530;1440;2,5;0;1090;4,0;1,0;0;7563;3;400000,0
2490;1400;2,75;0;1090;4,0;1,0;0;9714;4;608000,0
3870;2530;4,5;0;1340;4,0;2,0;0;35889;3;589900,0
2732;1870;2,5;2;862;5,0;1,0;0;9500;4;480000,0
3230;2480;3,25;0;750;5,0;2,0;0;3825;3;1059500,0
2930;2930;3,75;3;0;6,0;2,0;0;14980;3;915000,0
3510;3510;3,5;0;0;4,0;2,0;0;9364;3;695000,0
2580;2580;2,5;0;0;4,0;2,0;0;3909;3;899900,0
1060;940;2,25;0;120;2,0;2,0;0;1208;3;499950,0
2790;2790;2,75;0;0;4,0;2,0;0;8853;3;533112,0
2009;2009;2,5;0;0;4,0;2,0;0;5000;3;303210,0
2880;2880;2,75;0;0;5,0;2,0;0;8364;3;525000,0
710;710;1,0;0;0;2,0;2,0;0;1157;4;399950,0
2070;1270;2,5;0;800;3,0;1,5;0;13241;5;850830,0
1370;1370;2,0;0;0;3,0;1,0;0;8336;5;371500,0
1730;1400;1,75;0;330;3,0;1,0;0;8400;4;522000,0
1680;980;2,0;0;700;4,0;1,0;0;5000;3;588000,0
1350;1350;1,0;2;0;2,0;1,0;0;10096;4;276900,0
1510;1510;1,5;0;0;5,0;1,0;0;9078;4;248000,0
1860;1860;2,5;0;0;3,0;2,0;0;6607;3;280000,0
3440;3280;5,0;0;160;6,0;2,0;0;4500;3;495000,0
4250;3020;3,0;0;1230;6,0;2,5;0;4400;4;665000,0
860;860;1,0;0;0;2,0;1,0;0;3874;4;290300,0
1640;840;1,75;0;800;2,0;1,0;0;4080;3;527000,0
1295;1105;1,5;0;190;2,0;2,0;0;1093;3;487028,0
1790;1130;1,75;0;660;3,0;1,0;0;27427;3;325000,0
2210;2210;1,5;0;0;3,0;1,5;0;6300;5;799000,0
10040;7680;4,5;2;2360;5,0;2,0;1;37325;3;7062500,0
940;940;1,0;0;0;3,0;1,0;0;10368;3;354000,0
1160;1160;1,5;0;0;3,0;1,0;0;8906;3;262500,0
1990;1990;2,5;0;0;3,0;2,0;0;3984;3;560200,0
1050;1050;1,0;0;0;3,0;1,0;0;6300;3;220000,0
1030;1030;1,0;0;0;2,0;1,0;0;5750;5;650000,0
1420;1420;2,5;0;0;3,0;3,0;0;2581;3;435000,0
2690;2120;3,75;3;570;4,0;2,0;0;4000;4;800000,0
3760;3760;2,5;0;0;4,0;2,0;0;29224;3;1010000,0
700;700;1,0;0;0;2,0;1,0;0;4700;5;200000,0
2100;1410;3,5;0;690;5,0;2,0;0;5107;3;295000,0
2240;2240;2,75;0;0;4,0;1,5;0;27820;4;580379,0
3470;3470;2,5;0;0;4,0;2,0;0;32109;3;875000,0
3370;3200;2,5;0;170;3,0;2,0;0;19585;3;515000,0
2790;2790;2,5;0;0;4,0;2,0;0;230868;3;599000,0
1870;1870;2,5;0;0;3,0;2,0;0;4060;3;285000,0
1520;1520;1,75;0;0;3,0;1,0;0;15090;4;290000,0
750;550;1,75;0;200;1,0;1,0;0;20339;4;355000,0
1460;1460;1,5;0;0;3,0;1,0;0;11407;3;381000,0
2600;2600;2,5;0;0;3,0;2,0;0;7465;3;571000,0
3320;2650;2,5;0;670;4,0;2,0;0;11901;5;852600,0
2340;2340;2,5;0;0;5,0;2,0;0;6000;4;1085000,0
890;890;1,0;0;0;3,0;1,0;0;7200;3;371000,0
1720;1220;1,75;1;500;3,0;1,0;0;5899;3;514000,0
1270;1080;1,5;0;190;3,0;2,0;0;1318;3;386000,0
2180;2180;2,5;0;0;4,0;2,0;0;7203;4;464000,0
2030;1230;2,25;0;800;4,0;1,0;0;13500;3;335000,0
2490;1490;2,75;2;1000;4,0;2,0;0;17833;3;740000,0
1470;980;1,75;0;490;4,0;1,0;0;5350;3;465000,0
2500;1390;2,75;0;1110;3,0;1,0;0;7378;5;700000,0
4500;4500;3,5;0;0;3,0;2,0;0;21870;3;785000,0
1460;1130;3,25;0;330;3,0;2,0;0;1592;3;350000,0
620;620;1,0;0;0;1,0;1,0;0;8261;3;148000,0
1550;1050;1,75;0;500;3,0;1,0;0;3680;3;530000,0
1430;1430;2,5;0;0;3,0;3,0;0;1002;3;349000,0
1360;1360;1,5;0;0;3,0;1,5;0;9760;5;240000,0
2210;2210;2,5;0;0;3,0;2,0;0;7557;3;330000,0
2460;1450;1,75;0;1010;4,0;1,5;0;5100;5;735000,0
2180;1850;2,5;0;330;3,0;1,0;0;15693;4;545000,0
1570;1310;1,75;0;260;3,0;1,0;0;4875;4;214950,0
4140;4140;2,75;0;0;4,0;2,0;0;24190;3;657500,0
1140;1140;1,0;0;0;3,0;1,5;0;5500;4;476000,0
8670;6120;6,25;4;2550;5,0;2,0;0;64033;3;2888000,0
800;800;1,0;0;0;2,0;1,0;0;15000;3;110000,0
2414;2414;2,75;0;0;4,0;2,0;0;7693;3;292000,0
1160;1160;1,0;0;0;3,0;1,0;0;8813;3;317000,0
3170;3170;2,5;2;0;4,0;2,0;0;10688;3;455000,0
4210;4210;3,5;3;0;5,0;2,0;0;17258;3;1365000,0
2060;1030;2,0;0;1030;3,0;1,0;0;4437;3;460000,0
1640;1640;2,0;0;0;3,0;1,0;0;7201;3;405000,0
720;720;1,0;0;0;2,0;1,0;0;6686;3;333000,0
1860;1860;1,0;0;0;4,0;1,5;0;4736;1;427000,0
2810;2810;2,5;0;0;4,0;2,0;0;10986;3;742000,0
2090;1320;2,5;0;770;4,0;1,0;0;9702;5;465000,0
3280;3280;2,5;0;0;4,0;2,0;0;6181;3;809950,0
2090;1790;2,0;0;300;4,0;1,5;0;3610;5;619400,0
2430;1230;1,75;1;1200;3,0;1,0;0;14607;3;762400,0
2520;2520;2,25;0;0;5,0;2,0;0;49222;4;535000,0
2510;1590;3,0;3;920;5,0;1,5;0;4125;5;881000,0
3370;1920;2,75;3;1450;4,0;1,0;0;6675;4;813000,0
1640;1640;2,0;0;0;3,0;1,5;0;5280;5;234000,0
2250;2250;2,5;0;0;3,0;2,0;0;7294;3;308900,0
2300;2300;2,5;0;0;4,0;1,0;0;19250;4;450000,0
1650;1650;3,5;0;0;3,0;3,0;0;2262;3;547500,0
710;710;1,0;0;0;2,0;2,0;0;1131;4;399950,0
2550;2550;3,5;0;0;4,0;2,0;0;8698;3;516000,0
982;806;1,5;0;176;2,0;2,0;0;846;3;250000,0
1630;1630;2,25;0;0;3,0;2,0;0;2520;3;475000,0
2550;2550;2,5;0;0;4,0;2,0;0;4500;3;415000,0
1240;1240;1,25;0;0;2,0;2,0;0;2150;3;545000,0
2456;2456;2,5;0;0;3,0;2,0;0;7566;3;329950,0
3200;1600;2,25;0;1600;5,0;1,0;0;20158;3;1325000,0
3950;2460;3,5;0;1490;3,0;1,5;0;111078;3;784000,0
2180;2180;2,25;0;0;4,0;2,0;0;7297;3;610750,0
3140;1770;2,5;2;1370;4,0;1,0;0;9225;5;578000,0
4030;4030;3,75;0;0;4,0;2,0;0;10800;3;1485000,0
1970;1370;1,75;3;600;3,0;1,0;0;7972;5;501000,0
1940;1940;2,0;0;0;5,0;1,5;0;7642;3;465250,0
4860;3100;4,25;1;1760;5,0;1,5;0;9453;5;2250000,0
3064;3064;0,0;2;0;0,0;3,5;0;4764;3;1095000,0
970;970;1,0;0;0;2,0;1,0;0;5665;4;315000,0
2460;2460;2,25;0;0;4,0;1,0;0;44431;4;900000,0
3010;3010;2,5;0;0;4,0;2,0;0;6100;3;789500,0
2460;1370;2,0;2;1090;3,0;1,0;0;6600;4;678500,0
2080;2080;2,0;0;0;3,0;1,0;0;11375;3;342500,0
3960;3960;3,25;0;0;4,0;2,0;0;7012;3;860000,0
2490;2490;2,5;0;0;4,0;2,0;0;8124;3;306000,0
2060;2060;2,0;0;0;5,0;2,0;0;6000;3;580000,0
1330;900;1,0;0;430;3,0;1,0;0;15678;3;405000,0
1600;1600;1,75;0;0;3,0;1,0;0;19200;4;510000,0
820;820;1,0;0;0;2,0;1,0;0;10450;4;173000,0
1200;1200;1,75;0;0;4,0;1,0;0;7680;3;210000,0
1050;910;1,0;0;140;3,0;1,0;0;5664;4;445000,0
1910;1530;2,5;0;380;3,0;2,5;0;1501;3;585000,0
1800;900;1,75;0;900;3,0;1,0;0;6000;5;381000,0
2060;2060;2,25;0;0;3,0;1,0;0;8640;4;890000,0
1840;1500;1,75;0;340;3,0;1,0;0;9697;4;235000,0
1250;1250;2,5;2;0;3,0;3,0;0;1103;3;480000,0
1510;1310;1,0;0;200;2,0;1,5;0;4032;3;575000,0
2300;1340;2,25;0;960;4,0;1,5;0;4600;4;350000,0
1490;1490;1,5;0;0;4,0;2,0;0;7560;3;259000,0
2820;1450;2,75;0;1370;5,0;1,0;0;4608;3;599000,0
1130;1130;1,5;0;0;4,0;1,0;0;7840;4;210000,0
3200;1860;2,5;1;1340;4,0;1,5;0;7500;5;1184000,0
1510;1510;1,0;0;0;3,0;1,5;0;5000;3;545000,0
1970;1970;2,5;0;0;3,0;2,0;0;7500;3;299995,0
1210;1210;1,0;0;0;3,0;1,5;0;5750;4;440000,0
3280;3280;2,5;0;0;4,0;2,0;0;27441;3;699000,0
2420;1500;2,0;1;920;3,0;1,0;0;17859;5;795000,0
2460;1340;1,75;0;1120;5,0;1,5;0;6846;5;445000,0
1180;1180;1,0;0;0;3,0;1,0;0;11862;4;397990,0
1900;1410;2,75;0;490;3,0;1,0;0;6400;5;706000,0
1651;1341;3,25;0;310;3,0;2,0;0;1779;3;363000,0
2130;2130;2,25;0;0;4,0;2,0;0;11843;4;850000,0
1430;1300;1,0;0;130;2,0;1,5;0;3000;3;620000,0
5730;4280;2,5;4;1450;4,0;2,0;0;44947;3;1228000,0
1910;1910;2,5;0;0;4,0;1,0;0;9244;4;333000,0
2110;2110;1,75;0;0;3,0;1,0;0;11250;4;743000,0
1630;890;1,5;0;740;2,0;1,0;0;3780;4;448000,0
2470;2470;2,5;0;0;4,0;2,0;0;35073;3;485000,0
2640;2640;2,25;0;0;4,0;1,0;0;31941;4;489950,0
2990;2990;2,75;0;0;5,0;2,0;0;7420;3;498500,0
2120;2120;2,5;0;0;3,0;2,0;0;9736;3;531000,0
2050;1730;2,5;3;320;3,0;1,0;0;6420;3;670000,0
1880;1100;3,0;0;780;5,0;1,0;0;5000;3;310000,0
2790;1600;3,0;4;1190;3,0;2,0;1;12523;4;835000,0
3000;3000;2,5;0;0;4,0;2,0;0;7500;3;1688000,0
2140;2140;2,5;0;0;4,0;2,0;0;7245;3;495000,0
1769;1769;2,0;0;0;3,0;1,0;0;9300;4;495000,0
1710;1200;1,0;0;510;3,0;1,5;0;6556;4;440000,0
420;420;0,75;0;0;1,0;1,0;0;6720;3;280000,0
3270;3270;2,5;0;0;4,0;2,0;0;35445;3;1070000,0
2370;2370;2,5;0;0;4,0;2,0;0;10858;3;1034500,0
1770;1770;2,5;0;0;4,0;2,0;0;5855;3;248000,0
2210;1490;2,5;0;720;4,0;1,0;0;8465;3;294000,0
1710;1710;2,25;0;0;3,0;2,0;0;4140;3;561000,0
2710;1460;2,0;0;1250;4,0;1,0;0;4750;4;656500,0
2340;2160;3,0;0;180;3,0;2,0;0;2970;5;660000,0
1220;1220;1,0;0;0;2,0;1,0;0;17172;4;370000,0
1060;1060;1,0;0;0;3,0;1,0;0;9525;3;349950,0
910;910;1,0;0;0;2,0;1,0;0;9869;3;223000,0
1880;1090;1,75;0;790;4,0;1,5;0;3880;4;560000,0
1870;1200;1,75;0;670;4,0;2,0;0;5200;4;594000,0
1480;1480;2,25;0;0;3,0;2,0;0;5400;4;600000,0
1880;1880;2,5;0;0;3,0;2,0;0;7000;3;315000,0
1890;1110;1,75;0;780;4,0;1,0;0;6000;4;430000,0
1560;1030;2,75;0;530;3,0;1,0;0;7392;5;440000,0
1070;1070;1,5;0;0;2,0;2,0;0;1200;3;312500,0
4410;4410;4,0;0;0;5,0;2,0;0;14380;3;1240000,0
1470;1180;3,25;0;290;3,0;2,0;0;1235;3;300000,0
2570;2570;2,5;0;0;3,0;2,5;0;3600;3;680000,0
1170;1170;2,25;0;0;2,0;2,0;0;1011;3;336750,0
2320;1720;3,5;0;600;5,0;2,0;0;4960;5;822500,0
2440;2440;3,0;0;0;4,0;2,0;0;9600;5;589000,0
4120;4120;2,5;0;0;4,0;2,0;0;22370;3;863000,0
1440;1440;1,75;0;0;2,0;1,0;0;5680;4;210000,0
1340;1340;1,0;0;0;3,0;1,0;0;11070;4;206135,0
3010;2000;3,75;0;1010;6,0;2,0;0;4360;3;1125000,0
1840;920;1,75;0;920;3,0;1,0;0;8601;3;285000,0
930;930;1,0;0;0;2,0;1,0;0;7550;3;230000,0
4070;4070;2,75;0;0;4,0;2,0;0;115434;3;845000,0
1820;1230;1,75;0;590;3,0;1,0;0;9545;3;350000,0
1280;1280;1,0;0;0;3,0;1,5;0;8184;4;304000,0
900;900;1,0;0;0;2,0;1,0;0;4600;3;370000,0
1980;1320;1,75;2;660;3,0;1,0;0;13503;4;810000,0
2010;1220;2,25;0;790;4,0;1,0;0;7575;3;440000,0
2750;1960;2,5;0;790;4,0;2,0;0;4800;3;1030000,0
3140;1940;2,0;1;1200;4,0;1,0;0;10875;3;775000,0
4200;2910;2,25;0;1290;5,0;2,5;0;5800;4;1335000,0
1900;950;1,75;0;950;3,0;1,0;0;8540;3;235000,0
1830;1430;1,0;0;400;3,0;1,5;0;3000;3;499950,0
3320;2190;2,75;0;1130;5,0;2,0;0;23760;4;622500,0
2700;1560;2,5;0;1140;4,0;1,0;0;10814;4;300000,0
1290;1290;1,0;0;0;3,0;1,0;0;6566;5;205000,0
1500;1500;1,75;0;0;3,0;1,0;0;8173;3;435000,0
3650;3650;2,75;0;0;4,0;1,5;0;48351;4;697000,0
1270;1270;1,0;0;0;3,0;1,5;0;6405;3;153000,0
2630;2630;2,25;0;0;4,0;2,0;0;39000;3;454000,0
1800;1240;1,5;0;560;2,0;1,0;0;26615;5;345000,0
1870;1580;1,0;0;290;3,0;1,5;0;2807;4;585000,0
2540;1870;2,5;0;670;4,0;2,0;0;6365;3;380000,0
1930;1120;2,5;0;810;4,0;1,0;0;8660;3;250600,0
2770;2770;2,25;0;0;4,0;2,0;0;13500;3;890000,0
2220;2220;2,5;0;0;4,0;2,0;0;5338;3;370000,0
1650;1100;1,5;0;550;3,0;1,0;0;9957;4;369500,0
3670;3670;2,5;0;0;4,0;2,0;0;54450;3;883000,0
3770;3770;2,5;0;0;4,0;2,0;0;35081;3;950000,0
2350;1800;1,75;0;550;3,0;1,0;0;20820;4;615000,0
1210;610;1,5;0;600;3,0;1,0;0;5240;4;305000,0
2010;2010;2,5;0;0;4,0;2,0;0;7972;4;590000,0
1580;1580;2,5;0;0;3,0;2,0;0;6065;3;485000,0
710;710;1,0;0;0;2,0;1,0;0;7200;3;215000,0
1910;1910;2,0;0;0;3,0;1,5;0;5040;3;430000,0
1880;1880;2,5;0;0;4,0;2,0;0;7965;3;324900,0
2280;2280;2,0;0;0;2,0;2,0;0;641203;3;849900,0
3100;1660;2,75;2;1440;5,0;1,0;0;10014;4;975000,0
2350;2350;2,5;0;0;5,0;2,0;0;4000;3;910000,0
1850;1100;1,75;2;750;3,0;1,0;0;6869;5;459950,0
2070;2070;2,5;0;0;3,0;2,0;0;8337;3;325000,0
2020;1010;2,75;0;1010;4,0;1,0;0;7070;5;513000,0
1580;1200;2,25;0;380;3,0;1,0;0;12177;3;475000,0
2690;2690;2,5;0;0;4,0;2,0;0;7947;3;419000,0
2420;1700;2,5;4;720;4,0;1,0;0;10285;3;760000,0
2540;2340;1,5;3;200;5,0;2,0;0;6660;4;1120000,0
1150;1150;1,0;0;0;2,0;1,0;0;30184;3;129000,0
3210;1830;2,5;0;1380;5,0;1,0;0;12000;4;725000,0
2040;2040;2,5;0;0;3,0;2,0;0;4627;3;580000,0
1920;1060;2,25;0;860;3,0;1,0;0;4833;4;385000,0
1900;1900;1,75;0;0;4,0;1,0;0;10588;5;265000,0
4310;2510;2,5;4;1800;3,0;1,5;0;32093;5;1735000,0
1070;720;2,5;0;350;3,0;2,0;0;1155;3;330000,0
2790;2790;2,5;0;0;4,0;2,0;0;43091;4;665000,0
2860;2860;2,5;0;0;3,0;2,0;0;4442;3;799000,0
2250;1250;2,0;0;1000;3,0;1,0;0;8800;4;589000,0
3170;1990;2,25;2;1180;2,0;2,0;0;3000;5;1695000,0
1460;1260;1,0;0;200;3,0;1,0;0;7200;3;538000,0
1540;1200;1,0;0;340;3,0;1,5;0;3399;3;530100,0
2910;1920;2,0;0;990;3,0;2,0;0;6600;4;718500,0
1180;1180;1,75;0;0;3,0;1,0;0;13927;5;299000,0
1640;1090;1,75;0;550;3,0;1,0;0;7437;3;556000,0
1520;1020;2,0;0;500;4,0;1,0;0;19672;3;171000,0
3610;3610;3,0;0;0;5,0;2,0;0;9775;3;540000,0
1400;1400;2,25;0;0;3,0;2,0;0;3814;3;250000,0
3200;2670;3,5;0;530;4,0;2,0;0;3250;3;795000,0
1384;1144;3,0;0;240;3,0;2,0;0;1287;3;575000,0
1410;1290;2,25;0;120;3,0;2,0;0;1287;3;379500,0
2050;2050;2,5;0;0;4,0;2,0;0;5276;3;385000,0
1750;1750;2,5;0;0;4,0;2,0;0;4779;3;415500,0
1510;1070;2,0;0;440;3,0;1,0;0;6710;3;397500,0
1930;1930;2,5;0;0;3,0;2,0;0;7214;3;530000,0
2960;2960;2,5;0;0;4,0;2,0;0;41656;3;883000,0
2920;1660;2,75;0;1260;5,0;1,0;0;11880;5;850000,0
1980;1090;1,0;0;890;2,0;1,0;0;5000;4;496752,0
1430;1430;1,75;0;0;3,0;1,0;0;8865;3;330000,0
2450;2450;2,75;2;0;4,0;2,0;0;4187;3;735000,0
2360;2360;2,75;0;0;4,0;2,0;0;4924;3;525000,0
1890;1730;2,5;0;160;3,0;2,0;0;4838;3;269950,0
2140;1290;1,75;0;850;3,0;1,0;0;9484;3;650000,0
1900;950;2,0;0;950;3,0;1,0;0;8100;4;520500,0
2700;2700;2,5;0;0;4,0;2,0;0;9122;3;652500,0
2430;1370;3,0;0;1060;5,0;1,0;0;8000;4;506000,0
1110;1110;1,0;0;0;3,0;1,0;0;12150;4;416000,0
2280;2280;2,75;0;0;4,0;1,0;0;15347;5;500000,0
1550;860;1,75;0;690;3,0;1,0;0;4708;4;460000,0
1530;1530;2,0;0;0;3,0;1,0;0;8925;3;371025,0
2440;2440;2,5;0;0;4,0;2,0;0;28405;3;576000,0
1760;1760;2,25;0;0;4,0;2,0;0;9602;3;353500,0
3040;2080;2,25;3;960;4,0;2,0;0;5000;4;1735000,0
1070;1070;1,75;0;0;3,0;1,0;0;8100;4;183000,0
1990;1100;1,75;0;890;3,0;1,0;0;5560;4;763101,0
1090;970;1,5;0;120;2,0;1,0;0;4000;3;460000,0
1890;1890;1,5;0;0;4,0;1,5;0;6938;3;825000,0
1000;1000;1,0;0;0;3,0;1,0;0;9150;3;265000,0
1770;1030;1,75;0;740;3,0;1,0;0;8235;3;295000,0
2360;1460;3,0;2;900;4,0;1,0;0;6250;3;418000,0
3380;2700;3,5;0;680;3,0;2,0;0;108900;3;554000,0
1700;1700;2,5;0;0;3,0;2,0;0;3150;3;534500,0
1600;850;1,75;0;750;2,0;1,0;0;4000;5;690000,0
2050;2050;2,5;0;0;4,0;2,0;0;6360;3;530000,0
1210;1210;1,75;0;0;2,0;2,0;0;1040;3;357186,0
1940;1200;3,0;0;740;5,0;1,0;0;6355;3;300000,0
1810;1110;2,0;0;700;4,0;1,0;0;8750;2;304000,0
1690;870;1,75;0;820;4,0;1,0;0;4080;4;385000,0
1800;1000;2,0;0;800;4,0;1,0;0;2970;4;415000,0
3280;3280;3,5;0;0;4,0;2,0;0;6603;3;963000,0
4290;4290;2,5;0;0;4,0;2,0;0;175421;3;792500,0
1150;1150;1,75;0;0;3,0;1,0;0;9600;3;309212,0
880;880;1,5;0;0;2,0;2,0;0;1805;3;235000,0
1720;1720;1,5;0;0;3,0;2,0;0;8100;3;667000,0
1510;1510;1,5;0;0;3,0;1,0;0;8000;4;470000,0
1240;1040;2,0;0;200;4,0;1,0;0;3000;3;375000,0
1580;1580;2,0;0;0;4,0;1,0;0;9581;3;410000,0
2170;2170;2,25;0;0;4,0;2,0;0;7737;3;566000,0
2500;2500;2,75;0;0;4,0;2,0;0;4950;3;680000,0
960;760;1,0;0;200;1,0;1,0;0;2640;3;332000,0
3030;3030;2,5;0;0;4,0;2,0;0;8507;3;902000,0
1540;770;1,75;0;770;3,0;1,0;0;10800;5;500000,0
1890;1890;1,75;3;0;3,0;1,5;0;32340;3;445000,0
2810;1710;2,5;0;1100;4,0;1,0;0;9800;4;825000,0
3530;2630;4,0;0;900;4,0;2,0;0;8400;5;1095000,0
1100;1100;1,0;0;0;3,0;1,0;0;8536;4;277000,0
1940;1440;2,5;2;500;3,0;1,0;0;9775;3;545000,0
2300;2300;2,5;0;0;3,0;2,0;0;9521;3;435000,0
2110;2110;2,5;0;0;3,0;2,0;0;3600;3;638000,0
1220;1220;1,5;0;0;4,0;1,0;0;10580;3;418000,0
1750;1470;1,75;0;280;3,0;1,0;0;12325;4;499000,0
1230;1230;1,5;0;0;3,0;1,0;0;8056;4;150000,0
3100;3100;2,5;0;0;3,0;2,0;0;23790;3;759950,0
1830;1520;2,5;0;310;3,0;1,0;0;65340;3;427000,0
2640;2640;2,5;0;0;5,0;2,0;0;7096;3;632500,0
1840;1060;1,75;0;780;6,0;1,0;0;2774;3;660000,0
3190;3190;2,5;0;0;4,0;2,0;0;14565;3;862000,0
1120;1120;1,0;0;0;2,0;1,5;0;2000;3;524000,0
1760;1160;1,5;0;600;3,0;1,0;0;6723;3;470000,0
1590;1590;2,0;0;0;3,0;2,0;0;9912;3;385000,0
2120;2120;2,5;0;0;4,0;2,0;0;9603;3;575000,0
2240;1370;2,5;0;870;4,0;1,0;0;9826;4;220000,0
890;760;1,0;0;130;2,0;1,0;0;2100;4;460000,0
2940;2440;3,25;3;500;3,0;3,0;0;5432;4;1712500,0
1220;1220;1,5;0;0;3,0;1,0;0;7300;3;175000,0
2670;1640;2,25;0;1030;3,0;1,0;0;7500;4;465000,0
1120;820;1,0;0;300;3,0;1,0;0;2300;4;552000,0
3130;3130;2,75;0;0;4,0;2,0;0;139392;4;565000,0
1740;1220;2,5;0;520;4,0;1,0;0;7500;4;518000,0
3290;2360;3,5;1;930;4,0;2,0;0;5414;3;899950,0
1770;1140;1,0;0;630;3,0;1,5;0;5720;4;373000,0
2960;2960;2,5;0;0;4,0;2,0;0;5054;3;385000,0
1200;980;1,0;0;220;2,0;1,0;0;4880;3;245000,0
2400;2400;2,0;0;0;4,0;2,0;0;6000;3;375000,0
2690;2690;3,5;0;0;4,0;2,0;0;6164;3;699850,0
3550;2960;2,25;0;590;6,0;1,0;0;11780;4;450000,0
1310;1310;1,5;0;0;2,0;1,5;0;12196;3;455000,0
2610;1910;2,75;0;700;4,0;3,0;0;4160;5;650000,0
2760;1600;2,5;0;1160;5,0;1,0;0;8015;4;378000,0
1410;1410;2,0;0;0;3,0;1,0;0;7998;4;220000,0
1960;1960;1,75;0;0;4,0;1,0;0;7950;4;285500,0
1212;1212;2,5;0;0;3,0;3,0;0;1174;3;340000,0
2220;1490;1,5;0;730;4,0;1,0;0;9496;4;921000,0
2040;2040;2,5;0;0;4,0;1,5;0;109336;4;375000,0
2800;2800;2,75;0;0;4,0;2,0;0;19168;3;999000,0
2040;1340;1,5;0;700;3,0;1,0;0;6000;3;335000,0
3070;2070;2,5;3;1000;4,0;1,0;0;34412;4;1920000,0
830;830;1,0;3;0;2,0;1,0;1;26329;4;385000,0
4140;3160;3,5;0;980;4,0;2,0;0;7089;3;850000,0
2340;2340;2,5;0;0;5,0;2,0;0;4500;3;429000,0
1420;1420;2,25;0;0;3,0;3,0;0;1282;3;523950,0
2670;1720;2,75;0;950;3,0;1,0;0;3738;3;798800,0
1880;1880;2,5;0;0;3,0;2,0;0;6008;3;284000,0
3450;3450;3,25;0;0;4,0;2,0;0;6184;3;852880,0
1200;1200;2,25;0;0;3,0;3,0;0;1400;3;320000,0
3430;3430;3,25;0;0;4,0;2,0;0;9870;3;749995,0
1350;1120;2,5;0;230;3,0;2,0;0;1186;3;468500,0
2570;2570;2,5;0;0;5,0;2,0;0;9962;3;492500,0
2840;2840;3,5;0;0;4,0;3,0;0;4637;3;685000,0
2650;2650;2,5;0;0;4,0;2,0;0;5600;3;542525,0
1980;1980;2,0;0;0;3,0;3,0;0;2674;3;435000,0
1280;1280;1,75;0;0;3,0;1,5;0;7524;4;242000,0
2610;2610;2,5;0;0;4,0;2,0;0;7091;3;325000,0
3010;3010;2,75;0;0;5,0;2,0;0;12611;3;837700,0
930;930;1,0;0;0;1,0;1,0;0;7129;3;210000,0
1180;1180;1,5;0;0;3,0;1,0;0;7000;4;187500,0
1710;1320;1,0;0;390;5,0;1,5;0;9100;4;560000,0
1380;1380;2,0;0;0;3,0;1,0;0;7476;3;272000,0
1190;1190;1,75;0;0;3,0;1,0;0;7280;4;235000,0
1870;1270;2,0;0;600;3,0;1,0;0;5909;3;259000,0
3130;2570;3,5;0;560;5,0;2,0;0;4797;3;866059,0
900;900;1,0;0;0;2,0;1,0;0;5100;4;473000,0
1880;1480;1,5;0;400;3,0;1,0;0;7400;3;405000,0
3010;1940;4,25;3;1070;4,0;2,0;0;4887;4;870000,0
2280;1150;2,25;1;1130;3,0;1,0;0;5750;4;475000,0
2970;2970;2,5;0;0;3,0;2,0;0;21907;3;499500,0
1620;1620;2,5;0;0;2,0;2,0;0;3196;3;386000,0
1550;1350;1,5;0;200;4,0;1,5;0;3000;3;458000,0
2240;2240;1,75;0;0;3,0;2,0;0;78225;5;550000,0
2830;2830;2,5;0;0;3,0;2,0;0;6536;3;605500,0
2890;2890;2,5;0;0;3,0;2,0;0;21780;3;421000,0
1990;1990;2,25;0;0;4,0;2,0;0;5948;3;536000,0
1370;1370;1,75;0;0;3,0;1,0;0;8719;3;247200,0
1088;1088;1,5;0;0;2,0;2,0;0;1360;3;250000,0
1740;1180;1,75;0;560;4,0;1,0;0;9344;3;204950,0
1730;1370;2,0;0;360;3,0;1,0;0;9000;3;430000,0
1800;1800;2,5;0;0;4,0;2,0;0;8100;3;250000,0
1440;1090;1,75;2;350;3,0;1,0;0;12888;3;260000,0
1720;1200;1,0;0;520;4,0;1,5;0;2800;4;547000,0
2800;2800;3,5;0;0;5,0;2,0;0;7350;3;379900,0
2300;2300;2,5;0;0;3,0;1,0;0;6009;3;738500,0
2030;1590;2,25;0;440;4,0;1,0;0;11585;4;545000,0
740;740;1,0;0;0;2,0;1,0;0;6180;3;342000,0
9640;4820;6,75;4;4820;5,0;1,0;1;13068;3;4668000,0
1920;1220;1,0;0;700;4,0;1,0;0;13787;4;170000,0
2490;2490;2,5;0;0;4,0;2,0;0;12929;3;616000,0
1380;1380;2,0;0;0;3,0;1,0;0;4800;3;640000,0
1530;1270;2,5;0;260;3,0;1,0;0;9406;3;332000,0
2420;1840;3,25;2;580;3,0;2,0;0;1923;3;1010000,0
2150;2150;2,5;0;0;4,0;2,0;0;37647;3;380000,0
1610;1610;2,0;0;0;4,0;1,0;0;9600;5;415000,0
2650;2060;3,5;0;590;4,0;2,0;0;3060;3;1008000,0
2700;2700;2,75;0;0;4,0;2,0;0;35362;5;669000,0
1270;1150;1,5;0;120;3,0;1,0;0;20700;2;260000,0
3150;2480;2,75;0;670;4,0;1,0;0;38865;3;854000,0
2010;2010;2,25;0;0;3,0;2,0;0;10760;3;605000,0
860;860;1,0;0;0;3,0;1,5;0;5060;3;320000,0
1410;1410;2,0;0;0;3,0;1,0;0;7466;3;229950,0
1700;1700;1,75;0;0;3,0;1,0;0;7532;3;255000,0
2570;2570;2,5;0;0;4,0;2,0;0;6251;3;1170000,0
1230;1020;2,25;0;210;2,0;2,0;0;932;3;479000,0
4170;4170;3,5;0;0;4,0;2,0;0;9748;3;1200000,0
1180;1180;2,5;0;0;3,0;3,0;0;1262;3;472000,0
1430;820;1,5;0;610;3,0;1,0;0;7347;3;198000,0
1450;1450;2,0;0;0;4,0;1,5;0;8400;4;440000,0
2180;1480;1,75;0;700;3,0;1,0;0;7700;3;506000,0
2210;2210;2,5;0;0;4,0;2,0;0;7079;3;382500,0
1480;940;1,5;0;540;2,0;1,0;0;7276;4;269500,0
2340;1170;2,0;1;1170;3,0;1,0;0;3477;5;560000,0
3860;3120;3,5;0;740;4,0;2,0;0;18334;3;840000,0
2300;2300;2,75;0;0;3,0;2,0;0;4637;3;479500,0
1450;1010;1,5;0;440;3,0;1,0;0;7375;3;402000,0
1380;1380;2,5;0;0;2,0;3,0;0;953;3;549000,0
2470;2470;2,5;0;0;4,0;2,0;0;3811;3;449950,0
2030;2030;1,75;0;0;4,0;1,5;0;18295;4;493000,0
1440;1440;0,75;0;0;4,0;1,0;0;13300;3;142500,0
1160;1160;1,75;0;0;3,0;1,0;0;6134;3;250000,0
1580;1580;1,0;0;0;3,0;2,0;0;3840;3;729000,0
1430;995;2,75;0;435;2,0;2,0;0;1425;3;465000,0
1494;1494;2,0;4;0;2,0;2,0;1;19271;3;465000,0
1930;1360;2,25;0;570;4,0;1,0;0;7207;4;280000,0
2740;1370;1,75;3;1370;6,0;1,0;0;6360;3;675000,0
1880;1030;2,0;0;850;3,0;1,0;0;3800;5;667500,0
2590;2590;2,5;0;0;3,0;2,0;0;7720;3;809000,0
2140;2140;2,25;0;0;3,0;2,0;0;11266;3;400000,0
1870;1870;2,0;0;0;4,0;1,5;0;6000;3;310000,0
1230;1230;1,0;0;0;2,0;1,0;0;3800;3;435000,0
2340;2340;2,5;0;0;4,0;2,0;0;6896;3;465950,0
2880;1710;2,25;2;1170;3,0;1,0;0;7599;3;1538000,0
880;880;1,5;0;0;3,0;1,0;0;6600;5;253000,0
3040;3040;2,5;0;0;3,0;2,0;0;7232;3;330000,0
1120;1120;1,0;0;0;4,0;1,5;0;7104;3;554000,0
1380;1380;2,0;0;0;3,0;3,0;0;3600;3;350000,0
1660;1660;2,5;0;0;4,0;2,0;0;9760;3;294999,0
2500;2500;2,75;0;0;3,0;2,0;0;5568;5;1185001,0
2940;2940;2,5;0;0;4,0;2,0;0;10382;4;752000,0
1670;1670;2,5;0;0;4,0;2,0;0;3315;3;451000,0
2630;2630;2,75;0;0;4,0;2,0;0;7505;3;725000,0
2250;1480;2,75;0;770;4,0;1,0;0;7412;4;345000,0
1320;1320;1,0;0;0;3,0;1,0;0;7000;4;206000,0
4100;2540;3,75;3;1560;4,0;1,5;0;22798;5;2027000,0
4340;3060;3,25;3;1280;3,0;2,0;0;4947;3;2475000,0
3700;1850;3,0;0;1850;4,0;1,0;0;20570;4;1728000,0
2700;1540;2,0;0;1160;5,0;1,0;0;10875;4;580000,0
980;980;1,0;0;0;3,0;1,0;0;7200;4;430000,0
2650;2110;2,5;0;540;4,0;2,0;0;11520;3;720000,0
3670;2800;4,25;1;870;7,0;2,0;0;4000;3;824000,0
2960;1480;1,75;2;1480;3,0;1,0;0;12420;4;936000,0
3070;3070;2,75;0;0;4,0;2,0;0;7201;3;535000,0
1413;1413;2,5;0;0;3,0;2,0;0;3600;3;286800,0
1260;1260;2,5;0;0;2,0;3,0;0;1347;3;350000,0
1680;1680;2,5;0;0;3,0;2,0;0;2229;3;345000,0
1230;1080;2,25;0;150;3,0;2,0;0;1238;3;435000,0
4360;2960;3,5;3;1400;3,0;2,0;0;6240;3;1555000,0
4420;4420;4,0;0;0;4,0;2,0;0;16526;3;1325000,0
2770;1980;3,25;0;790;3,0;2,0;0;6278;3;461000,0
2910;2910;2,25;0;0;3,0;2,0;0;10204;3;770000,0
4290;2690;3,25;3;1600;4,0;1,0;0;12103;3;1384000,0
1600;1600;2,5;0;0;3,0;2,0;0;26977;3;330000,0
1820;1820;2,5;0;0;4,0;2,0;0;6753;3;322500,0
6050;6050;5,0;3;0;6,0;2,0;0;230652;3;1600000,0
1700;1230;1,75;0;470;3,0;1,0;0;8432;3;475000,0
790;790;1,0;0;0;2,0;1,0;0;11234;4;250275,0
1720;1320;2,25;0;400;3,0;1,0;0;9000;4;274500,0
990;990;1,0;0;0;3,0;1,0;0;10723;5;284950,0
1770;1050;1,75;0;720;4,0;1,0;0;9011;5;264950,0
1260;1260;2,0;0;0;3,0;1,0;0;8092;3;242000,0
3640;3640;2,5;0;0;4,0;2,0;0;10576;3;913000,0
2040;1120;1,75;0;920;3,0;1,0;0;6000;5;555000,0
1980;990;1,75;0;990;4,0;1,0;0;10800;5;711000,0
3600;2410;2,5;0;1190;5,0;1,0;0;17300;4;403500,0
4270;2680;2,5;0;1590;4,0;1,0;0;43386;3;975000,0
2030;1430;2,0;0;600;4,0;1,5;0;9600;3;253779,0
1689;1689;3,25;0;0;3,0;3,0;0;1388;3;384400,0
2870;1650;2,75;0;1220;5,0;1,0;0;4461;3;646000,0
1270;1270;1,75;0;0;3,0;1,0;0;4800;3;415000,0
2790;2790;2,5;0;0;4,0;2,0;0;7938;3;764000,0
3850;3030;3,25;2;820;5,0;2,0;0;16249;3;507000,0
1560;1360;2,5;0;200;3,0;1,5;0;9361;4;545500,0
1180;760;1,75;0;420;3,0;1,0;0;4080;4;450000,0
1820;1080;1,75;0;740;4,0;1,0;0;8118;4;264000,0
1260;1260;1,75;0;0;5,0;1,5;0;4500;3;650000,0
2640;1680;2,5;0;960;3,0;2,0;0;6715;3;365000,0
1100;1100;1,0;0;0;2,0;1,0;0;4200;3;343566,0
1950;1950;2,5;0;0;3,0;2,0;0;6871;3;375000,0
1380;1380;2,0;0;0;3,0;1,0;0;8682;4;295000,0
2200;1280;2,75;0;920;3,0;1,0;0;7000;4;325000,0
2050;1050;1,5;0;1000;4,0;1,0;0;7100;3;265000,0
2795;2795;3,0;0;0;5,0;2,0;0;15101;3;562000,0
2050;2050;2,5;0;0;4,0;2,0;0;34222;4;540000,0
6430;6430;3,0;0;0;4,0;2,0;0;27517;3;4489000,0
2150;1460;1,75;0;690;5,0;1,0;0;7171;4;279950,0
1970;1420;1,75;0;550;3,0;1,0;0;8200;5;540000,0
2660;1740;2,5;0;920;4,0;1,0;0;12672;4;310000,0
720;720;1,0;0;0;1,0;1,0;0;4800;3;190000,0
2410;2410;2,5;0;0;4,0;2,0;0;4780;3;440000,0
2020;1790;2,0;3;230;3,0;1,5;0;5500;3;1400000,0
1080;1080;1,0;0;0;2,0;1,0;0;9435;3;230000,0
1180;1180;1,75;0;0;3,0;1,0;0;14292;3;455000,0
660;660;1,0;0;0;2,0;1,0;0;5000;3;175000,0
2920;1620;1,75;0;1300;3,0;1,0;0;9370;4;650000,0
4850;3850;4,25;4;1000;4,0;2,0;1;12445;5;3000000,0
1080;1080;1,0;0;0;3,0;1,5;0;8580;3;192500,0
1670;1170;1,75;0;500;3,0;1,0;0;6900;3;239950,0
1370;1120;1,0;0;250;6,0;1,5;0;5080;3;175000,0
3450;2350;3,5;0;1100;5,0;1,0;0;28324;5;850000,0
1970;1820;2,0;0;150;4,0;1,0;0;10500;3;410000,0
2290;2290;2,5;0;0;4,0;2,0;0;6738;3;570000,0
2240;1140;2,5;0;1100;5,0;1,0;0;7543;3;469000,0
1240;1060;1,0;1;180;2,0;1,0;0;6400;4;559000,0
2420;1690;2,5;4;730;3,0;2,0;0;43177;4;739888,0
3260;3260;3,5;0;0;5,0;2,0;0;58806;4;568450,0
670;670;1,0;0;0;2,0;1,0;0;10920;3;240000,0
3160;3160;3,25;0;0;5,0;2,0;0;10000;4;574950,0
1990;1990;2,25;0;0;3,0;2,0;0;6350;3;180000,0
4680;3360;3,5;0;1320;4,0;2,0;0;9700;3;1160000,0
1700;1700;2,5;0;0;3,0;2,0;0;3575;3;300000,0
2807;2807;2,5;0;0;4,0;2,0;0;9430;3;630000,0
1770;1170;1,75;0;600;4,0;1,0;0;9375;4;507000,0
2570;1590;2,5;0;980;4,0;1,0;0;9000;4;287500,0
3450;3450;3,0;0;0;3,0;2,0;0;16200;3;688000,0
1670;1170;2,0;0;500;3,0;1,0;0;7700;3;424000,0
1050;950;1,75;0;100;3,0;1,5;0;6150;4;400000,0
1910;1910;2,5;0;0;4,0;2,0;0;7683;3;620000,0
910;910;1,0;0;0;3,0;1,0;0;7700;4;300000,0
2480;2480;2,25;0;0;5,0;2,0;0;12070;3;615000,0
1820;1820;1,5;0;0;2,0;2,0;0;8867;3;206000,0
2920;2920;2,5;0;0;4,0;2,0;0;7700;3;515500,0
1870;1170;2,25;0;700;5,0;1,0;0;11411;4;554000,0
3810;3810;3,5;0;0;4,0;2,0;0;9792;3;825000,0
2190;1800;2,25;0;390;4,0;2,0;0;4080;3;855000,0
1730;1730;2,5;0;0;3,0;2,0;0;6368;3;315000,0
2220;1110;2,5;0;1110;5,0;1,0;0;9360;4;299000,0
1320;1320;1,5;0;0;3,0;1,0;0;8114;3;650000,0
1510;860;1,75;2;650;3,0;1,0;0;4800;3;465000,0
2120;2120;2,0;0;0;3,0;2,0;0;4080;3;535000,0
1690;1690;2,0;0;0;2,0;1,0;0;4500;3;564000,0
1360;1040;3,5;0;320;3,0;2,0;0;1419;3;515000,0
3250;3250;2,5;0;0;4,0;2,0;0;5000;3;580000,0
1490;1220;2,25;0;270;3,0;2,0;0;1294;3;309000,0
1930;1930;1,75;0;0;3,0;1,0;0;6360;3;536751,0
2020;2020;2,5;0;0;4,0;2,0;0;5501;3;415000,0
1584;1584;2,25;0;0;3,0;2,0;0;2800;3;267000,0
3170;3170;2,5;0;0;4,0;2,0;0;8523;3;820000,0
3870;3870;2,75;0;0;4,0;2,0;0;10046;3;1399950,0
1430;1410;2,5;0;20;2,0;3,0;0;923;3;485000,0
1380;1380;3,25;0;0;3,0;3,0;0;1120;3;482000,0
2610;2610;2,5;0;0;4,0;2,0;0;4595;3;535000,0
1540;1540;3,25;0;0;3,0;3,0;0;1428;3;690000,0
1940;970;2,5;0;970;3,0;1,0;0;9000;4;576000,0
2160;1260;2,5;0;900;3,0;1,5;0;3000;3;378750,0
1530;1530;1,75;0;0;4,0;1,5;0;8750;4;269900,0
1440;1440;2,0;0;0;3,0;1,0;0;7210;3;210000,0
2640;2640;2,5;0;0;4,0;2,0;0;8625;3;429900,0
3620;2350;3,25;3;1270;4,0;2,0;0;5131;4;1525000,0
2850;2850;2,5;0;0;4,0;2,0;0;4650;3;360000,0
1260;1260;1,0;0;0;2,0;1,0;0;4377;4;405000,0
1610;1610;1,75;0;0;3,0;1,0;0;11200;3;450000,0
1360;1360;2,0;0;0;3,0;1,5;0;5980;3;703000,0
2496;2496;2,5;0;0;4,0;2,0;0;8058;3;661000,0
2160;2160;2,25;0;0;4,0;1,0;0;9593;3;580000,0
1320;1320;1,0;0;0;3,0;2,0;0;3625;3;464000,0
2540;2540;2,5;0;0;2,0;2,0;0;7089;3;945000,0
2620;1870;3,0;0;750;4,0;1,0;0;18362;4;659500,0
1140;1140;1,5;0;0;3,0;1,0;0;8340;3;200000,0
1790;1790;2,0;0;0;3,0;1,0;0;42399;4;280000,0
2440;2440;2,5;0;0;4,0;2,5;0;3600;4;1325000,0
2140;1480;2,0;0;660;3,0;1,0;0;7200;4;346150,0
1330;1330;1,0;0;0;3,0;2,0;0;5412;5;197500,0
2590;2590;2,5;0;0;4,0;2,0;0;7910;3;799000,0
4750;3600;4,5;2;1150;4,0;2,0;0;13912;3;1309500,0
1620;850;1,0;0;770;2,0;1,0;0;9205;5;350000,0
2440;2440;2,5;0;0;4,0;2,0;0;34290;3;720000,0
2020;1270;2,75;0;750;3,0;1,0;0;10744;5;519000,0
1470;1470;1,5;0;0;3,0;2,0;0;7200;4;590300,0
5990;4050;4,75;4;1940;5,0;2,0;1;10450;3;2200000,0
2520;1320;2,75;0;1200;6,0;1,0;0;9324;4;410000,0
1440;1440;1,75;0;0;2,0;1,0;0;4225;3;437000,0
1640;1140;2,25;0;500;3,0;1,0;0;7350;3;221000,0
2150;1090;2,25;0;1060;4,0;1,0;0;20181;3;380000,0
1570;1150;1,0;0;420;2,0;1,0;0;8210;4;506000,0
1980;1430;1,0;0;550;4,0;1,0;0;10350;4;395000,0
1210;1210;1,0;0;0;3,0;1,5;0;4731;3;285000,0
1900;1070;1,75;0;830;3,0;1,5;0;3000;5;311000,0
1940;1940;1,75;0;0;3,0;1,0;0;219527;3;520000,0
1310;1310;1,75;0;0;3,0;1,0;0;8065;4;435000,0
990;990;1,0;0;0;2,0;1,0;0;39964;2;120000,0
3870;2760;3,5;0;1110;3,0;2,0;0;3819;3;1440000,0
1340;920;2,0;0;420;3,0;1,0;0;4320;3;186000,0
2160;1080;2,25;0;1080;4,0;1,0;0;5600;5;756000,0
2080;1040;2,0;0;1040;4,0;1,0;0;13510;3;248000,0
1300;1300;2,0;0;0;3,0;1,5;0;11374;5;287000,0
2610;2610;2,5;0;0;4,0;2,0;0;8031;3;510000,0
1050;1050;1,0;0;0;3,0;1,0;0;8498;4;249000,0
2480;2480;2,5;0;0;3,0;2,0;0;6112;3;340000,0
1820;1320;2,25;0;500;4,0;1,5;0;8255;4;399888,0
1170;1170;1,75;0;0;3,0;1,0;0;8740;4;440000,0
2370;1440;2,25;2;930;4,0;1,0;0;6000;3;899000,0
3090;3090;3,75;0;0;5,0;2,0;0;7415;3;540500,0
2310;1630;1,75;0;680;3,0;1,0;0;11200;4;385000,0
2060;1320;2,25;0;740;4,0;1,0;0;10358;4;558000,0
2540;2540;2,0;0;0;3,0;1,0;0;237402;3;600000,0
2400;2400;2,5;0;0;4,0;2,0;0;7693;3;450000,0
1320;880;1,0;0;440;3,0;1,0;0;8450;3;232500,0
790;790;1,0;0;0;2,0;1,0;0;6600;3;436000,0
1790;1670;2,0;1;120;4,0;1,0;0;14690;4;240000,0
1820;1820;2,25;0;0;3,0;2,0;0;7326;3;489950,0
1670;900;2,0;0;770;6,0;1,0;0;3000;5;680000,0
3990;3990;3,5;0;0;5,0;2,0;0;9938;3;1068000,0
1430;1430;2,0;0;0;3,0;1,0;0;6000;5;352450,0
2030;2030;2,0;0;0;4,0;1,0;0;103672;4;335000,0
1290;1290;1,75;0;0;4,0;2,0;0;3060;4;549000,0
3820;3280;3,5;0;540;4,0;2,0;0;13224;3;1240000,0
2520;1550;3,25;0;970;4,0;1,5;0;3360;4;618250,0
3880;3880;3,0;0;0;5,0;2,0;0;13000;3;1815000,0
1590;1320;1,75;3;270;2,0;1,5;0;5136;3;850000,0
3530;3530;2,0;0;0;5,0;1,5;0;9385;3;930000,0
1610;1610;2,5;0;0;3,0;2,0;0;4611;3;505000,0
3280;3280;2,5;0;0;4,0;2,0;0;209088;3;925000,0
1860;1860;1,75;0;0;3,0;1,0;0;15681;4;275000,0
1840;920;1,75;0;920;3,0;1,0;0;5000;4;499000,0
2120;2120;2,5;0;0;3,0;2,0;0;7201;3;507000,0
2270;1500;2,5;0;770;4,0;1,0;0;9247;5;619850,0
2840;1870;2,5;3;970;3,0;1,0;0;48716;3;500000,0
1220;1220;1,5;0;0;4,0;1,0;0;9600;3;310000,0
2310;2310;2,5;0;0;4,0;2,0;0;4079;3;646000,0
1840;1840;1,75;0;0;3,0;1,0;0;7300;3;265000,0
950;950;2,5;0;0;3,0;2,0;0;1110;3;475000,0
3070;3070;2,25;0;0;4,0;2,0;0;8400;4;600000,0
1730;1730;2,0;0;0;3,0;1,0;0;38884;3;470000,0
920;920;1,0;0;0;2,0;1,0;0;8341;3;319950,0
3200;3200;2,75;0;0;3,0;2,0;0;6699;3;712000,0
3010;3010;2,75;0;0;4,0;2,0;0;15992;3;775000,0
1600;1090;2,25;0;510;3,0;1,0;0;10240;3;390000,0
2840;2840;2,5;0;0;4,0;2,0;0;11044;3;585000,0
2430;2430;2,5;1;0;3,0;2,0;0;10500;3;1027000,0
1750;1750;1,75;0;0;3,0;2,0;0;11461;4;232603,0
1240;1240;2,25;0;0;3,0;3,0;0;949;3;543000,0
1530;1530;3,25;0;0;3,0;3,0;0;1612;3;607500,0
3390;3040;3,5;0;350;3,0;2,0;0;10078;3;750000,0
2320;2320;2,5;0;0;3,0;1,0;0;6775;3;728050,0
2650;2650;2,5;0;0;4,0;2,0;0;6884;3;734990,0
2238;2238;2,5;0;0;3,0;2,0;0;7209;3;330000,0
2620;2620;2,5;0;0;4,0;2,0;0;7553;3;605000,0
1910;1160;2,75;0;750;3,0;1,0;0;7280;3;441000,0
3040;3040;2,5;0;0;4,0;2,0;0;6587;3;650000,0
4640;2860;3,5;1;1780;7,0;2,0;0;15235;3;1950000,0
1500;900;1,0;0;600;3,0;1,0;0;4000;3;395000,0
380;380;0,75;0;0;1,0;1,0;0;15000;3;245000,0
2970;2340;3,5;0;630;4,0;2,0;0;14486;3;905000,0
3030;3030;3,25;0;0;4,0;2,0;0;9273;5;660000,0
1890;1230;2,5;0;660;4,0;1,0;0;12236;3;378000,0
1040;1040;1,0;0;0;2,0;1,0;0;3600;4;600000,0
2090;2090;2,5;0;0;4,0;2,0;0;10306;3;632500,0
1680;1680;2,0;0;0;2,0;2,0;0;5756;4;210000,0
2770;2770;2,5;0;0;2,0;2,0;0;7781;3;754800,0
1020;1020;1,0;0;0;2,0;1,0;0;5130;4;175000,0
1470;1470;2,25;0;0;3,0;2,0;0;4653;4;455000,0
1430;980;2,0;0;450;3,0;1,0;0;3480;3;450000,0
2050;1450;1,75;3;600;4,0;1,0;0;10920;3;790000,0
2080;1040;1,0;0;1040;4,0;1,0;0;5500;3;480000,0
2870;2250;2,25;0;620;3,0;2,0;0;8170;3;850000,0
3940;3440;3,25;3;500;4,0;2,0;0;27591;3;725000,0
1520;1020;1,5;0;500;3,0;1,0;0;4288;3;380000,0
1700;1700;1,5;1;0;3,0;1,0;0;14133;4;979000,0
1940;1100;2,25;0;840;3,0;1,0;0;11612;4;359950,0
2870;2220;2,25;1;650;4,0;2,0;0;5453;4;665900,0
3240;3240;3,25;0;0;3,0;2,0;0;8338;3;812000,0
1150;1150;1,0;0;0;3,0;1,0;0;7156;4;203000,0
1440;1440;1,5;0;0;3,0;1,0;0;28516;4;456000,0
2200;1420;2,5;0;780;5,0;1,5;0;4080;5;547000,0
1470;1470;2,0;0;0;3,0;1,0;0;8089;3;280000,0
1760;880;1,75;0;880;2,0;1,0;0;4400;4;640000,0
1780;1210;1,75;0;570;3,0;1,0;0;8085;3;477000,0
2450;1650;2,25;2;800;4,0;1,0;0;21000;4;455000,0
1890;1640;3,5;0;250;3,0;2,0;0;1710;3;587206,0
2540;2540;2,5;0;0;3,0;2,0;0;5612;3;425000,0
1360;1360;1,0;0;0;4,0;1,5;0;6000;3;511500,0
1310;1310;2,0;0;0;2,0;2,0;0;2841;3;218000,0
1510;1510;2,0;0;0;3,0;1,0;0;7884;3;332000,0
1860;1140;1,5;0;720;3,0;1,0;0;60960;4;291000,0
2200;1100;2,0;0;1100;4,0;1,0;0;7700;3;279000,0
3360;3360;2,5;0;0;4,0;2,0;0;11548;3;950000,0
2470;2470;2,75;0;0;3,0;2,0;0;10125;3;970500,0
1260;690;1,0;0;570;2,0;1,0;0;3960;3;412000,0
1430;1430;1,0;0;0;3,0;1,5;0;10005;4;400000,0
1230;1230;2,25;0;0;3,0;1,5;0;7420;5;200000,0
2320;2320;2,5;0;0;4,0;2,0;0;11717;3;397000,0
3290;3290;2,5;0;0;4,0;2,0;0;6628;3;715000,0
2550;2550;2,5;0;0;4,0;2,0;0;4770;3;371000,0
1870;1870;2,5;0;0;3,0;2,0;0;5013;3;458000,0
3110;1790;3,0;0;1320;5,0;1,0;0;12429;3;436500,0
1820;1820;2,5;0;0;3,0;2,0;0;8085;3;329950,0
3050;1650;3,25;4;1400;3,0;1,0;1;18892;4;950000,0
1890;1890;2,0;0;0;4,0;2,0;0;6302;3;282000,0
800;680;1,0;0;120;1,0;1,0;0;16306;2;250000,0
6900;4820;4,25;0;2080;6,0;2,0;0;244716;4;1135000,0
2670;2670;1,75;4;0;4,0;2,0;0;189486;3;400000,0
3260;1630;2,75;0;1630;5,0;1,0;0;11700;3;681500,0
860;860;1,0;0;0;2,0;1,0;0;6600;5;200000,0
3366;2966;4,0;2;400;5,0;2,5;0;7800;3;1300000,0
3840;2750;3,25;3;1090;5,0;3,0;0;4800;3;1462497,0
3850;3000;4,5;2;850;4,0;2,0;0;13551;3;995000,0
2040;2040;2,5;0;0;4,0;2,0;0;8265;3;355000,0
1790;1290;2,25;0;500;3,0;1,0;0;10209;3;425000,0
3740;3060;3,0;0;680;4,0;2,0;0;30884;3;869000,0
2660;2170;3,25;0;490;3,0;2,0;0;4000;3;915000,0
3230;3230;2,25;0;0;3,0;2,0;0;17833;4;2110000,0
3140;2040;2,0;0;1100;4,0;1,0;0;10437;4;925000,0
5480;4430;4,5;3;1050;6,0;2,0;0;10800;4;2400000,0
1160;1160;1,0;0;0;3,0;1,5;0;3750;3;390000,0
1860;1860;2,25;0;0;3,0;2,0;0;11227;3;330000,0
1630;1110;3,0;0;520;4,0;1,0;0;7626;5;482500,0
1750;1750;2,25;0;0;3,0;3,0;0;1879;3;525000,0
1300;1300;1,0;0;0;3,0;1,0;0;8160;4;237000,0
960;960;1,0;0;0;3,0;1,0;0;7314;5;205000,0
1850;1850;2,5;0;0;3,0;2,0;0;7777;5;623000,0
3260;3260;2,75;0;0;4,0;2,0;0;4900;3;565000,0
2420;1400;2,25;0;1020;4,0;1,0;0;7927;4;400000,0
1460;1460;1,0;0;0;3,0;1,5;0;10000;3;405000,0
2240;2240;3,0;0;0;4,0;2,0;0;8504;3;337000,0
1240;1000;1,0;1;240;2,0;1,0;0;27042;3;355000,0
2060;1610;2,25;0;450;3,0;1,0;0;9552;4;885000,0
2280;1300;2,75;0;980;5,0;1,0;0;10319;3;420000,0
2510;2510;2,5;2;0;4,0;2,0;0;6853;3;448000,0
3150;3150;2,75;0;0;4,0;2,0;0;7035;3;800000,0
2780;2780;2,25;0;0;5,0;2,0;0;10192;4;830000,0
2380;2380;1,75;0;0;6,0;2,0;0;4080;3;725000,0
2140;2140;2,25;0;0;3,0;2,0;0;3000;3;780000,0
840;840;1,0;0;0;2,0;1,0;0;4239;3;325000,0
2170;1300;2,25;0;870;4,0;1,0;0;9665;4;488800,0
4410;4410;3,5;0;0;4,0;2,0;0;36200;3;1320000,0
2120;1060;2,0;0;1060;4,0;1,0;0;11479;4;489000,0
6630;4930;5,5;0;1700;7,0;2,0;0;13782;3;1240000,0
3290;3290;2,75;0;0;3,0;2,0;0;22649;4;595000,0
2290;1290;2,25;0;1000;5,0;1,0;0;7420;3;359900,0
4910;4000;3,0;0;910;3,0;2,0;0;43560;4;1080000,0
3730;3730;2,75;0;0;4,0;2,0;0;8014;3;925000,0
2440;2440;2,5;0;0;3,0;2,0;0;4800;3;625000,0
2570;2570;2,5;0;0;3,0;2,0;0;4600;3;339990,0
2970;2970;2,5;0;0;4,0;2,0;0;4400;3;775950,0
2630;1670;3,0;0;960;5,0;2,0;0;3149;3;420000,0
1530;1280;3,25;0;250;3,0;2,0;0;1565;3;654000,0
3690;3690;3,5;0;0;3,0;2,0;0;8837;3;725000,0
1230;830;1,0;0;400;2,0;2,0;0;1820;4;375000,0
2200;1400;2,5;1;800;3,0;1,0;0;20000;3;1100000,0
2330;2330;2,25;0;0;4,0;2,0;0;8994;3;639500,0
2160;2160;2,0;1;0;4,0;1,5;0;6300;4;849000,0
1550;1000;1,5;0;550;4,0;1,0;0;9176;3;418000,0
1780;890;1,75;0;890;4,0;1,0;0;2788;4;442900,0
2610;1680;1,75;0;930;3,0;1,5;0;5544;3;750000,0
3290;3290;2,5;0;0;3,0;2,0;0;6830;3;930000,0
1330;960;1,75;0;370;2,0;1,0;0;6000;4;565000,0
3530;2570;3,5;1;960;4,0;2,0;0;14406;3;874150,0
2090;2090;2,5;0;0;4,0;2,0;0;6023;3;545000,0
2040;1420;2,5;0;620;4,0;1,0;0;8400;3;500000,0
2370;2370;2,5;0;0;4,0;2,0;0;10083;5;687000,0
2810;2810;2,5;0;0;4,0;2,0;0;10613;3;810000,0
2050;1570;2,5;0;480;3,0;1,0;0;40003;4;439500,0
2870;1840;1,75;0;1030;3,0;1,5;0;5000;4;802000,0
2130;1230;2,5;0;900;4,0;1,0;0;7300;4;732600,0
2580;2580;2,5;0;0;4,0;2,0;0;6260;3;374000,0
2380;2380;2,5;0;0;4,0;2,0;0;13550;3;330000,0
1940;1940;2,0;0;0;4,0;1,0;0;25600;1;365000,0
1610;1610;2,0;0;0;2,0;2,0;0;17600;3;290900,0
2060;1330;2,5;0;730;3,0;1,0;0;5750;3;577000,0
1010;1010;1,0;0;0;2,0;1,0;0;3000;4;280000,0
2810;2810;2,5;0;0;4,0;2,0;0;11120;3;675000,0
2380;1450;2,25;0;930;3,0;1,0;0;11824;4;800000,0
1060;1060;1,0;0;0;2,0;1,0;0;7200;4;299995,0
1560;1250;1,75;0;310;3,0;1,0;0;7207;3;440000,0
1500;1500;1,75;0;0;2,0;1,0;0;8645;4;249500,0
970;970;1,0;0;0;2,0;1,0;0;4560;4;690000,0
1170;1170;1,0;0;0;3,0;1,0;0;11100;4;235000,0
2280;2280;2,5;0;0;3,0;2,0;0;7417;3;320000,0
2800;1400;3,0;2;1400;7,0;1,0;0;9569;3;350000,0
1150;1150;1,5;0;0;4,0;1,5;0;9360;3;334000,0
2180;2180;3,0;0;0;6,0;2,0;0;7956;3;235000,0
2520;2520;2,5;0;0;4,0;2,0;0;7253;3;442000,0
1760;1760;1,75;0;0;3,0;1,0;0;7482;4;264000,0
1180;1180;1,0;0;0;2,0;1,0;0;6552;4;275000,0
950;950;1,5;0;0;2,0;1,0;0;4625;4;430000,0
1900;1900;2,5;0;0;3,0;2,0;0;3255;3;550000,0
2300;2300;2,5;0;0;4,0;2,0;0;6158;3;775000,0
2660;1550;2,75;0;1110;6,0;1,0;0;8400;5;603500,0
1530;1530;1,0;0;0;3,0;1,5;0;389126;4;230000,0
1850;1230;2,5;0;620;4,0;1,0;0;5040;3;449000,0
4230;4230;3,5;0;0;4,0;2,0;0;20377;3;2075000,0
1200;880;2,0;0;320;3,0;1,0;0;5029;3;420000,0
2270;1340;2,25;0;930;4,0;1,0;0;5102;5;735000,0
1090;1090;1,5;0;0;3,0;1,0;0;9600;4;200000,0
1100;780;2,75;0;320;3,0;2,0;0;750;3;286000,0
1640;1640;2,5;0;0;3,0;3,0;0;1269;3;579000,0
1950;1360;3,75;0;590;3,0;1,0;0;8625;3;345100,0
1660;1660;1,75;0;0;3,0;1,5;0;10150;3;350000,0
880;880;1,0;0;0;3,0;1,5;0;9238;5;291500,0
1500;1200;2,5;0;300;3,0;2,0;0;1375;3;649950,0
1890;1430;2,0;0;460;3,0;2,0;0;1599;3;458500,0
1150;1150;1,0;0;0;3,0;2,0;0;5100;3;500000,0
2430;2430;2,5;0;0;3,0;2,0;0;15264;3;362300,0
2110;1170;1,75;0;940;4,0;1,0;0;7208;3;324000,0
2950;2310;2,0;0;640;3,0;2,0;0;12196;4;495000,0
1650;1650;2,25;0;0;3,0;2,0;0;2958;3;233500,0
2110;2110;2,25;0;0;3,0;2,0;0;11319;4;479000,0
2010;2010;2,25;0;0;4,0;2,0;0;19000;4;322200,0
3030;3030;2,5;0;0;4,0;2,0;0;29163;3;835000,0
1270;1270;1,0;0;0;3,0;1,0;0;8400;3;347000,0
1610;1610;1,75;0;0;3,0;1,0;0;8613;5;725000,0
1140;1140;1,0;0;0;3,0;2,0;0;4200;4;345000,0
2110;2110;2,5;0;0;3,0;2,0;0;4118;3;345950,0
1840;1840;1,75;0;0;3,0;1,0;0;8086;4;550000,0
1560;810;1,75;0;750;3,0;1,0;0;5223;4;399950,0
1840;1240;1,75;0;600;3,0;1,0;0;7412;4;269500,0
1830;1540;2,5;0;290;4,0;1,0;0;7345;4;494000,0
2120;1060;1,75;0;1060;4,0;1,0;0;7420;4;453000,0
1600;1050;1,75;0;550;3,0;1,0;0;10280;3;442500,0
1450;1180;1,75;0;270;4,0;1,5;0;8891;3;235000,0
1880;1880;1,75;0;0;3,0;1,0;0;12821;3;389800,0
1270;880;1,75;0;390;3,0;1,0;0;8100;3;346000,0
1720;1720;1,5;0;0;4,0;1,0;0;6417;3;360000,0
2400;2400;2,5;0;0;4,0;2,0;0;7351;3;650000,0
1150;990;1,0;0;160;3,0;1,0;0;8145;4;290000,0
870;870;1,0;0;0;2,0;1,0;0;11100;3;234000,0
2000;2000;2,5;0;0;4,0;2,0;0;37045;3;260000,0
2420;1210;2,0;0;1210;3,0;1,0;0;38781;5;349900,0
1080;1080;1,0;0;0;3,0;1,0;0;6000;4;275000,0
3420;3420;2,5;0;0;4,0;2,0;0;30410;3;725000,0
1870;1870;2,5;0;0;4,0;2,0;0;7471;3;375000,0
2500;2500;2,5;0;0;4,0;1,0;0;206474;3;806000,0
2150;2150;2,5;0;0;3,0;2,0;0;8221;3;470000,0
1470;1080;2,25;0;390;3,0;2,0;0;2500;3;490000,0
2130;1270;2,0;0;860;5,0;1,5;0;4180;5;615000,0
1000;1000;1,0;0;0;3,0;1,0;0;19204;3;249000,0
2390;1350;1,75;0;1040;3,0;1,0;0;7149;3;396500,0
860;860;1,0;0;0;2,0;1,0;0;2599;4;405000,0
1960;1960;2,5;0;0;3,0;2,0;0;12476;4;560000,0
2000;2000;2,5;0;0;4,0;2,0;0;6107;3;459950,0
1620;1620;1,0;0;0;3,0;1,5;0;9450;3;265000,0
2890;1630;2,5;0;1260;6,0;1,0;0;8122;3;502000,0
1300;1300;1,75;0;0;3,0;1,0;0;12731;3;430000,0
1080;1080;1,0;3;0;2,0;1,0;0;3500;3;525000,0
2170;1350;2,5;3;820;4,0;1,0;0;8518;3;415000,0
2260;2260;2,5;0;0;3,0;2,0;0;10153;3;600000,0
1580;1580;1,75;0;0;3,0;1,0;0;8820;4;225000,0
2620;2620;2,5;0;0;4,0;2,0;0;4469;3;300000,0
1540;1540;2,5;0;0;4,0;2,0;0;1860;3;491234,0
4570;4570;2,5;4;0;4,0;2,0;0;74487;5;1580000,0
3440;3440;3,25;0;0;4,0;2,0;0;7661;3;905000,0
1740;1740;2,5;0;0;5,0;1,0;0;8750;4;199950,0
2160;1260;1,75;0;900;4,0;1,0;0;4333;4;450000,0
1480;1480;1,0;0;0;3,0;2,0;0;6978;4;899000,0
2260;1890;1,75;2;370;2,0;2,0;0;280962;3;649000,0
3910;2490;3,5;0;1420;4,0;2,0;0;59863;4;780000,0
1700;1340;1,75;0;360;4,0;1,5;0;20283;3;400000,0
4470;4470;2,5;0;0;5,0;2,5;0;35124;3;831500,0
1800;900;1,75;0;900;3,0;1,0;0;6000;5;471001,0
1630;1630;3,25;0;0;3,0;3,0;0;1677;3;385000,0
1030;1030;1,0;0;0;3,0;1,0;0;9834;3;326000,0
720;720;1,0;0;0;1,0;1,0;0;5100;3;335000,0
1890;1890;1,5;0;0;4,0;1,0;0;43560;4;320000,0
1840;1840;2,5;0;0;4,0;2,0;0;5550;3;300000,0
2540;2540;2,5;0;0;4,0;2,0;0;8400;5;269950,0
3520;2200;3,75;0;1320;4,0;1,5;0;3944;5;1220000,0
3220;3220;2,5;0;0;4,0;1,5;0;7875;4;590000,0
1820;1720;2,0;0;100;3,0;1,5;0;5000;4;750000,0
1230;1230;1,75;0;0;3,0;1,0;0;9600;4;239950,0
1340;1340;2,0;0;0;3,0;1,0;0;8505;3;215000,0
1200;1200;1,0;0;0;3,0;1,0;0;13100;3;165000,0
1390;1390;1,75;0;0;3,0;1,0;0;18200;4;261350,0
1730;1060;2,0;0;670;4,0;1,0;0;3884;5;569000,0
1580;1180;2,25;0;400;3,0;1,0;0;39189;3;425000,0
3520;1980;3,0;0;1540;4,0;1,0;0;4895;3;800000,0
2650;1680;2,5;0;970;4,0;1,0;0;30500;4;715000,0
1310;1310;1,75;0;0;3,0;1,0;0;12750;3;337000,0
2300;2300;2,5;0;0;4,0;2,0;0;7989;3;560000,0
1780;1340;2,25;2;440;3,0;1,0;0;7280;3;449500,0
1980;1980;3,25;0;0;3,0;3,0;0;2850;3;660000,0
1300;1300;1,5;2;0;2,0;1,0;0;1676;3;685000,0
3500;2570;3,5;0;930;5,0;2,0;0;10155;3;905000,0
1830;1200;1,0;0;630;3,0;1,0;0;8004;3;403500,0
1520;1520;2,25;0;0;3,0;3,0;0;1245;3;405000,0
2700;2700;2,75;0;0;4,0;2,0;0;37011;3;385000,0
2810;2810;2,75;4;0;3,0;2,0;1;18731;4;1700000,0
1660;1660;2,5;0;0;3,0;2,0;0;6263;3;285000,0
1310;1310;2,0;0;0;3,0;1,0;0;6738;4;249900,0
2960;2960;3,5;0;0;4,0;2,0;0;6000;3;633634,0
2242;2242;2,5;0;0;3,0;2,0;0;4995;3;329900,0
2540;2540;2,5;0;0;3,0;2,0;0;4775;3;310000,0
1420;1140;1,5;0;280;3,0;2,0;0;1192;3;345000,0
1270;1270;1,5;0;0;3,0;2,0;0;2356;3;160797,0
1300;1000;2,25;0;300;3,0;2,0;0;907;3;562500,0
3190;1890;3,0;2;1300;5,0;1,0;0;7081;3;664950,0
2910;2040;3,25;0;870;5,0;2,0;0;5027;3;515000,0
1630;1630;2,25;0;0;3,0;2,0;0;3817;3;497000,0
2300;2300;3,0;0;0;5,0;2,0;0;8214;3;312891,0
3310;2440;2,5;2;870;3,0;2,0;0;5300;3;670000,0
940;940;1,5;0;0;2,0;2,0;0;1768;3;362500,0
1020;1020;0,75;0;0;2,0;2,0;0;1350;3;402101,0
1520;790;1,75;0;730;3,0;1,0;0;6380;3;438000,0
2330;1510;1,75;0;820;4,0;1,5;0;5000;4;687500,0
1010;1010;1,5;0;0;3,0;1,0;0;9600;4;160000,0
1070;1070;1,75;0;0;3,0;1,0;0;8000;3;415000,0
3170;2360;2,5;0;810;3,0;2,0;0;12750;3;405000,0
3030;3030;2,5;0;0;4,0;3,0;0;3841;3;880000,0
2270;2270;2,5;0;0;3,0;2,0;0;100545;3;585000,0
2341;2341;2,5;0;0;4,0;2,0;0;9594;3;640000,0
2130;1530;3,5;2;600;3,0;2,0;0;6150;5;819000,0
2300;2300;1,75;0;0;3,0;1,0;0;35722;3;520000,0
1660;1160;1,0;0;500;3,0;1,0;0;11783;4;367500,0
2610;1760;2,75;0;850;4,0;1,0;0;8760;4;762500,0
2150;2150;1,0;0;0;3,0;1,0;0;7007;3;300000,0
2410;1820;2,5;0;590;3,0;1,0;0;64073;4;625000,0
1580;1280;1,5;2;300;2,0;1,0;0;3680;3;530000,0
1740;1740;2,5;0;0;3,0;2,0;0;30886;3;379000,0
1270;1090;1,0;0;180;2,0;1,0;0;5000;3;615000,0
2550;1860;2,25;0;690;2,0;2,0;0;6000;5;660000,0
1860;1860;2,25;0;0;3,0;2,0;0;15559;4;380000,0
2700;1380;1,75;0;1320;4,0;1,0;0;27072;3;314900,0
1460;1460;1,5;0;0;3,0;1,0;0;8710;3;324950,0
1330;1330;1,75;0;0;3,0;1,0;0;13102;3;225000,0
2070;2070;2,5;0;0;3,0;2,0;0;4132;3;535000,0
1360;1360;1,5;0;0;3,0;1,0;0;10726;4;348500,0
2650;2650;2,5;0;0;4,0;2,0;0;18295;3;725000,0
3580;3580;3,0;0;0;4,0;1,5;0;35261;3;925000,0
2034;1159;1,0;4;875;2,0;1,0;1;13392;5;549000,0
1230;990;2,0;0;240;3,0;1,0;0;11413;3;400000,0
2450;2450;2,5;0;0;4,0;2,0;0;55387;3;620000,0
2840;1420;2,75;0;1420;6,0;1,0;0;8346;5;665000,0
3820;3820;3,75;0;0;4,0;1,0;0;53574;3;1215000,0
2740;2740;2,5;2;0;3,0;2,0;0;5925;3;1157400,0
2090;2090;2,5;0;0;4,0;2,0;0;5289;3;349950,0
6390;4560;4,75;0;1830;5,0;2,0;0;13180;3;2466350,0
2470;1970;2,0;0;500;4,0;1,5;0;5080;3;339000,0
1720;960;1,75;0;760;3,0;1,0;0;4080;4;615000,0
3090;2370;3,25;0;720;4,0;2,0;0;9571;3;751000,0
2320;1820;1,75;0;500;4,0;1,5;0;3825;5;941000,0
1740;1740;1,75;0;0;4,0;1,0;0;7700;5;600000,0
2950;2950;2,5;0;0;4,0;2,0;0;4502;3;455000,0
4810;4810;0,0;0;0;0,0;2,0;0;28008;3;1295648,0
1500;900;2,5;0;600;3,0;1,0;0;5412;5;485000,0
1810;1810;1,5;0;0;3,0;1,0;0;100188;5;358000,0
1100;720;1,0;0;380;3,0;1,0;0;4128;4;339000,0
1490;1120;1,0;0;370;3,0;1,0;0;7435;3;258000,0
1200;1000;1,5;0;200;2,0;2,0;0;1259;3;455000,0
1890;1290;2,5;0;600;4,0;1,0;0;8505;3;437000,0
2200;1500;1,75;0;700;3,0;1,0;0;9840;5;689000,0
2510;1610;2,5;0;900;4,0;1,0;0;7992;3;319000,0
1420;1420;2,25;0;0;3,0;3,0;0;1309;3;510000,0
2000;1480;1,75;2;520;3,0;1,0;0;9900;4;440000,0
1460;1460;2,0;2;0;2,0;1,0;0;9052;5;1010000,0
3220;3220;2,5;0;0;4,0;2,0;0;22588;3;875000,0
1310;1310;2,0;0;0;4,0;1,0;0;8454;4;304000,0
690;690;1,0;0;0;2,0;1,0;0;5280;4;139000,0
1150;1150;1,75;0;0;3,0;1,0;0;10466;5;464500,0
1480;970;1,0;0;510;3,0;1,0;0;7284;3;336500,0
1850;1270;1,75;0;580;4,0;1,0;0;6000;4;230000,0
1930;1930;2,5;0;0;3,0;2,0;0;4500;3;425000,0
750;750;1,0;0;0;2,0;1,0;0;5120;4;300000,0
1430;980;2,25;0;450;3,0;2,0;0;2003;3;457500,0
1840;1340;1,75;0;500;3,0;1,0;0;11440;4;366000,0
1300;1300;2,0;0;0;3,0;1,0;0;14350;3;502000,0
1050;1050;1,0;0;0;3,0;1,0;0;7577;3;194000,0
2210;2210;2,25;0;0;4,0;2,0;0;9371;4;305000,0
3220;1680;2,5;0;1540;4,0;1,0;0;15600;5;1250000,0
4620;4620;2,5;0;0;4,0;2,0;0;20793;4;575000,0
1760;1180;1,75;2;580;4,0;1,0;0;6204;4;343500,0
850;850;1,0;0;0;3,0;1,0;0;6906;3;325000,0
4690;3680;3,25;2;1010;4,0;2,0;0;14930;3;600000,0
3920;3920;3,5;0;0;4,0;2,0;0;37122;3;850000,0
2140;2140;2,5;0;0;3,0;2,0;0;3821;3;420000,0
1180;1180;2,0;0;0;2,0;1,0;0;9265;3;257500,0
2360;1180;2,5;0;1180;5,0;1,0;0;11375;4;317000,0
3060;1810;2,25;2;1250;3,0;1,5;0;9950;4;970000,0
1670;1190;2,25;0;480;3,0;1,0;0;7881;4;252000,0
1820;1640;1,5;0;180;3,0;1,5;0;5756;3;683500,0
1970;1090;2,5;0;880;3,0;2,0;0;9607;3;289000,0
930;630;2,25;0;300;2,0;2,0;0;747;3;355000,0
2300;2300;3,5;0;0;3,0;1,0;0;5611;3;675000,0
2590;2590;2,5;0;0;3,0;1,0;0;18980;4;396500,0
1450;1450;1,75;0;0;4,0;1,0;0;8450;3;362500,0
1540;770;1,75;0;770;4,0;1,0;0;5120;5;395000,0
2730;2080;2,75;0;650;5,0;1,0;0;22572;3;599000,0
880;880;1,0;0;0;3,0;1,0;0;18205;4;218000,0
3190;3190;2,5;0;0;4,0;2,0;0;8195;3;589950,0
1330;1330;1,5;0;0;3,0;1,0;0;7600;4;218000,0
1500;1500;1,75;0;0;3,0;1,0;0;7200;3;360000,0
740;740;1,0;0;0;2,0;1,0;0;7680;4;350000,0
2560;2560;3,0;0;0;4,0;2,0;0;5606;3;350000,0
2540;1840;2,0;0;700;3,0;1,5;0;4750;5;845000,0
3200;3200;2,5;0;0;3,0;1,0;0;203425;3;839000,0
3330;1790;3,0;0;1540;4,0;1,0;0;4000;3;850000,0
900;900;1,0;0;0;2,0;1,0;0;5220;4;329950,0
1600;1600;1,5;0;0;4,0;1,5;0;6180;3;425000,0
970;970;1,0;0;0;2,0;1,0;0;5500;3;210000,0
1130;1130;1,0;0;0;2,0;1,0;0;2640;4;631500,0
650;650;1,0;0;0;2,0;1,0;0;5400;3;295000,0
2400;1440;2,25;0;960;3,0;1,5;0;5000;4;575000,0
2280;2280;2,5;0;0;3,0;2,0;0;6031;3;415000,0
3550;1830;2,25;0;1720;4,0;1,0;0;13900;3;859000,0
2050;2050;2,5;0;0;4,0;2,0;0;2772;3;639888,0
830;830;1,5;0;0;2,0;2,0;0;1119;3;329445,0
2440;2440;2,5;0;0;4,0;2,0;0;4850;3;745641,0
1600;1600;2,5;0;0;3,0;2,0;0;1936;3;395000,0
3190;3190;3,5;0;0;4,0;2,0;0;31450;3;790000,0
2550;2370;1,0;0;180;4,0;2,0;0;4000;3;890000,0
2180;1420;2,5;0;760;3,0;1,0;0;7508;4;400000,0
1410;1410;2,0;0;0;3,0;1,0;0;9600;4;365500,0
1410;1410;2,0;0;0;3,0;1,0;0;5760;3;245000,0
2340;2340;2,5;0;0;4,0;2,0;0;8548;3;390000,0
1320;1320;1,0;0;0;3,0;1,0;0;9000;3;196500,0
3990;3990;1,75;0;0;4,0;2,0;0;13470;3;1200000,0
1270;1270;1,0;0;0;3,0;1,0;0;7566;4;276900,0
4380;3720;4,5;3;660;3,0;2,0;1;47044;3;995000,0
4250;4250;3,25;0;0;4,0;2,0;0;8570;3;2300000,0
1860;1860;2,5;0;0;3,0;2,0;0;8060;4;505000,0
3770;2830;3,5;0;940;4,0;2,0;0;37034;3;1229000,0
1530;980;1,0;0;550;4,0;1,0;0;8890;3;352000,0
3570;2860;4,0;0;710;4,0;2,0;0;8250;3;597326,0
1740;1740;1,0;0;0;2,0;1,0;0;5719;3;800000,0
1670;1300;2,5;0;370;3,0;1,0;0;8364;4;270000,0
1570;1570;2,0;0;0;4,0;2,0;0;9415;4;235000,0
1590;1590;2,5;0;0;2,0;2,0;0;1845;3;409900,0
2980;2980;2,5;0;0;5,0;2,0;0;5377;3;739900,0
2690;2690;2,5;0;0;4,0;2,0;0;4736;3;608000,0
900;900;1,0;0;0;2,0;1,0;0;2910;5;381500,0
1440;1200;0,75;0;240;2,0;1,0;0;3700;3;562100,0
3000;3000;2,5;0;0;4,0;2,0;0;10392;3;740000,0
1640;1640;1,0;0;0;3,0;1,5;0;18144;3;308000,0
3100;1660;3,5;4;1440;5,0;1,0;0;10200;3;905000,0
4000;4000;3,5;0;0;4,0;2,0;0;15253;3;762000,0
2020;2020;2,0;0;0;4,0;1,5;0;48693;3;356000,0
1840;1340;1,5;0;500;3,0;1,5;0;5000;5;750000,0
2100;1290;2,25;0;810;4,0;1,0;0;9984;4;418800,0
2460;2460;2,25;0;0;4,0;1,0;0;11250;4;276000,0
2610;2610;2,5;0;0;3,0;2,0;0;7510;3;725000,0
1460;1460;2,0;0;0;3,0;1,0;0;6377;3;285000,0
1050;1050;1,0;0;0;3,0;1,0;0;8498;3;205000,0
1790;1790;2,5;0;0;3,0;2,0;0;8144;3;583000,0
2180;1420;2,5;0;760;4,0;1,5;0;3375;4;657000,0
2050;1770;2,25;2;280;4,0;2,0;0;9583;3;386000,0
2790;1500;3,0;3;1290;5,0;1,0;0;19439;5;589950,0
1700;1100;2,25;0;600;3,0;1,5;0;3333;3;575000,0
2380;2380;2,5;0;0;3,0;2,0;0;6832;3;574000,0
2000;1280;2,0;2;720;5,0;1,5;0;4211;4;690500,0
1670;1670;1,75;0;0;2,0;1,0;0;4008;3;565000,0
1190;970;1,5;0;220;3,0;1,0;0;4750;3;500000,0
3040;1890;2,25;0;1150;6,0;1,0;0;28535;3;330000,0
780;780;1,0;0;0;2,0;1,0;0;3475;4;286000,0
2330;1330;1,5;0;1000;3,0;1,0;0;11740;3;450000,0
2840;1960;2,75;0;880;4,0;1,5;0;4000;5;870000,0
2490;2490;2,5;0;0;4,0;2,0;0;5170;4;725000,0
770;770;1,0;0;0;2,0;1,0;0;4840;4;275000,0
1850;1850;2,75;2;0;3,0;1,0;0;16960;4;645000,0
1090;1090;1,0;0;0;3,0;1,0;0;3264;4;152000,0
1780;930;2,0;0;850;4,0;1,5;0;5336;5;315000,0
930;930;0,75;0;0;1,0;1,0;0;29258;3;190000,0
2770;2770;2,5;0;0;4,0;2,0;0;5686;3;700000,0
1250;1250;1,0;0;0;3,0;1,5;0;6180;3;233000,0
1830;1830;2,25;0;0;4,0;2,0;0;6136;3;249000,0
870;870;1,0;0;0;2,0;1,0;0;5400;3;310000,0
1150;1150;1,5;0;0;3,0;1,0;0;8450;4;265950,0
4500;3000;3,25;4;1500;5,0;2,0;0;9648;4;860000,0
1150;1150;1,0;0;0;3,0;1,5;0;4800;4;200000,0
2000;1650;2,25;0;350;4,0;2,0;0;3672;5;402000,0
1900;1200;2,0;0;700;6,0;1,0;0;8240;2;305000,0
1640;1640;1,75;2;0;3,0;1,0;0;10695;3;505000,0
2680;1880;1,5;2;800;3,0;2,0;0;4775;5;1355000,0
2420;2420;2,5;0;0;3,0;2,0;0;7307;3;482000,0
1790;1790;1,75;3;0;3,0;1,0;0;7650;3;299950,0
3920;3920;2,5;0;0;4,0;2,0;0;12415;3;770000,0
1640;1180;2,25;0;460;3,0;1,0;0;8400;3;245700,0
890;890;1,0;0;0;3,0;1,0;0;8400;4;283000,0
1910;1420;2,75;0;490;4,0;1,0;0;16532;4;650000,0
2140;1070;2,25;0;1070;5,0;1,0;0;7910;3;530000,0
2030;2030;1,75;0;0;3,0;1,0;0;17100;4;440000,0
4225;4225;4,5;0;0;4,0;2,0;0;284011;4;1005000,0
2680;1570;2,25;0;1110;3,0;1,0;0;9162;3;599990,0
2030;2030;2,5;0;0;4,0;2,0;0;3974;3;544000,0
5850;4670;3,5;2;1180;5,0;2,0;0;22885;4;1700000,0
2060;1260;1,0;0;800;2,0;1,0;0;8398;3;270000,0
1060;1060;1,0;0;0;2,0;1,5;0;3036;4;435000,0
1010;1010;1,0;0;0;3,0;1,0;0;8184;4;349000,0
3310;3310;2,25;0;0;4,0;2,0;0;127631;5;1140000,0
2000;2000;2,5;0;0;4,0;2,0;0;10051;3;320000,0
3070;3070;2,5;0;0;4,0;2,0;0;8086;3;804100,0
1270;1060;2,25;0;210;3,0;2,0;0;1406;3;594000,0
3110;3110;2,75;0;0;4,0;1,0;0;49765;4;531500,0
2110;2110;2,0;0;0;3,0;2,0;0;18815;5;1150000,0
1400;1400;2,25;0;0;3,0;2,0;0;11400;3;374500,0
2310;1330;2,75;2;980;4,0;1,0;0;5650;3;450000,0
2700;1750;2,5;0;950;5,0;1,0;0;16570;4;744500,0
2370;2370;2,25;0;0;5,0;2,0;0;15512;4;913888,0
2760;2230;2,5;0;530;4,0;2,0;0;6000;5;760000,0
1610;1010;1,75;0;600;2,0;1,0;0;6300;3;346500,0
1230;1230;1,75;0;0;3,0;1,0;0;8250;3;280000,0
1900;1900;1,75;0;0;3,0;1,0;0;11165;4;557500,0
1580;1140;1,5;0;440;3,0;1,0;0;8184;3;260000,0
1940;1940;1,5;2;0;3,0;1,5;0;2885;3;1330000,0
1620;1040;1,75;0;580;3,0;1,0;0;6000;5;640000,0
1940;1940;2,5;0;0;7,0;2,0;0;5458;3;280000,0
1230;1230;1,0;0;0;3,0;1,0;0;8750;3;205000,0
3160;2180;3,25;2;980;5,0;2,0;0;5000;3;957000,0
2700;1950;2,5;0;750;5,0;1,0;0;21208;4;625000,0
1880;1440;1,5;2;440;4,0;1,0;0;6200;5;680000,0
890;890;1,0;0;0;2,0;1,0;0;8100;3;150000,0
1720;1720;2,5;0;0;3,0;2,0;0;3676;3;255950,0
1620;1620;2,5;0;0;3,0;2,0;0;7686;3;246500,0
1380;880;1,0;0;500;2,0;1,0;0;4390;4;450000,0
1870;1870;1,75;0;0;3,0;1,0;0;9000;5;595888,0
1970;1970;1,0;0;0;3,0;1,0;0;22144;4;454000,0
1110;1110;1,0;0;0;3,0;1,0;0;8593;3;299900,0
1190;1190;2,0;0;0;3,0;1,0;0;6833;3;200000,0
1150;1150;1,0;0;0;3,0;1,0;0;11802;4;346500,0
2890;1560;2,75;0;1330;4,0;1,0;0;6825;3;585000,0
1500;1500;1,75;0;0;3,0;1,0;0;13430;3;383000,0
1950;1250;2,5;0;700;4,0;1,5;0;2617;4;519000,0
1250;1250;1,5;0;0;3,0;1,0;0;7700;5;410000,0
2070;2070;2,5;0;0;4,0;2,0;0;5415;3;578000,0
4660;4660;3,5;2;0;4,0;2,0;0;17398;3;1280000,0
1350;1050;2,25;0;300;2,0;2,0;0;1493;3;395000,0
1800;1800;2,5;0;0;3,0;2,0;0;2790;3;364000,0
1481;1481;2,25;0;0;3,0;2,0;0;2820;3;240000,0
1730;1730;2,5;0;0;3,0;2,0;0;3600;3;328423,0
2720;2720;2,75;0;0;4,0;2,0;0;4613;3;594000,0
2320;2320;2,5;0;0;3,0;3,0;0;2267;3;425000,0
1860;1860;2,5;0;0;3,0;2,0;0;3730;3;309620,0
2025;2025;2,5;0;0;5,0;2,0;0;7760;3;260000,0
1400;1400;2,5;0;0;3,0;3,5;0;1312;3;563500,0
2620;2620;3,0;0;0;5,0;2,0;0;5477;3;975000,0
2450;1750;1,75;0;700;3,0;2,0;0;2691;3;937000,0
1590;1590;3,5;0;0;3,0;3,0;0;1102;3;518500,0
2085;1610;1,75;0;475;4,0;1,0;0;174240;3;563500,0
3450;3450;3,5;0;0;4,0;2,0;0;7832;3;1050000,0
1780;1780;2,25;0;0;3,0;2,0;0;16290;4;350000,0
3060;3060;2,5;0;0;4,0;2,0;0;7140;3;826000,0
1700;970;2,0;0;730;3,0;1,0;0;11475;5;225000,0
1330;1330;2,0;0;0;4,0;1,0;0;5926;4;235867,0
3060;3060;3,0;0;0;4,0;2,0;0;5000;3;399000,0
1220;1220;1,5;0;0;3,0;1,0;0;6000;3;177500,0
1600;1600;1,5;0;0;4,0;1,0;0;9289;4;224000,0
1530;1530;1,75;0;0;4,0;1,5;0;17664;3;302000,0
1980;1980;2,5;0;0;3,0;1,0;0;13964;5;760000,0
1730;1210;2,5;0;520;3,0;1,0;0;8490;3;460000,0
1170;1170;1,0;0;0;3,0;1,0;0;6700;3;415000,0
1950;1160;1,75;3;790;2,0;1,0;0;10766;4;669000,0
1470;1470;2,0;0;0;3,0;1,0;0;20000;4;254600,0
1400;1400;1,5;0;0;3,0;1,0;0;8840;4;357250,0
4040;4040;3,5;0;0;4,0;2,0;0;50479;3;910000,0
3110;1810;3,0;0;1300;6,0;1,5;0;5000;5;725000,0
1490;1490;1,5;0;0;3,0;1,5;0;4400;4;670000,0
1770;1770;1,5;0;0;4,0;2,0;0;5750;3;440000,0
3320;2040;3,5;2;1280;4,0;1,0;0;19850;4;1025000,0
950;950;1,0;2;0;2,0;1,0;0;5316;3;320000,0
2430;2430;2,5;0;0;4,0;2,0;0;5499;3;310000,0
2660;2660;2,5;0;0;4,0;1,0;0;10800;3;772650,0
2670;2670;2,5;0;0;4,0;2,0;0;11877;3;669950,0
2720;1860;3,5;0;860;5,0;2,0;0;7598;3;690000,0
3200;1610;2,5;0;1590;4,0;1,0;0;22651;5;385000,0
2480;2480;2,5;3;0;3,0;1,5;1;37843;4;663000,0
1780;1780;2,25;0;0;3,0;1,0;0;10395;3;300000,0
1590;1590;1,75;0;0;2,0;1,0;0;11276;4;225500,0
1550;1550;2,0;0;0;3,0;1,5;0;34175;3;320000,0
2850;1920;2,75;0;930;3,0;1,0;0;14800;4;775000,0
2600;1600;2,75;2;1000;3,0;1,5;0;5875;5;805000,0
1230;1230;1,0;0;0;4,0;1,5;0;7410;3;252750,0
2080;1740;2,0;0;340;5,0;1,0;0;16117;5;254000,0
3600;2740;3,5;0;860;6,0;2,0;0;6875;3;620000,0
2110;1510;2,75;0;600;4,0;1,0;0;8751;3;435000,0
2550;1300;2,5;0;1250;4,0;1,0;0;19017;4;460000,0
1650;1650;2,5;0;0;3,0;2,0;0;6684;3;268000,0
1370;1080;1,5;0;290;2,0;2,0;0;1221;3;446000,0
1010;1010;1,0;0;0;2,0;1,0;0;7200;3;285000,0
2330;2330;2,0;0;0;3,0;2,5;0;26571;3;530000,0
620;620;1,0;0;0;2,0;1,0;0;2475;5;402000,0
2450;2450;1,5;0;0;3,0;1,0;0;12497;4;358000,0
2530;1280;2,75;0;1250;4,0;1,0;0;7350;5;354950,0
2220;2220;2,5;0;0;4,0;2,0;0;4652;3;405000,0
2110;2110;1,75;0;0;4,0;1,0;0;265716;4;568000,0
3690;2690;3,0;2;1000;5,0;1,0;0;49709;3;575000,0
1940;1140;2,5;0;800;4,0;1,0;0;10200;4;315000,0
2070;2070;2,25;0;0;4,0;2,0;0;7350;4;280927,0
2160;1390;2,5;0;770;4,0;1,0;0;7826;4;440000,0
2600;1600;2,25;0;1000;4,0;1,0;0;9900;3;270000,0
2880;2100;2,75;0;780;4,0;1,5;0;4000;3;755000,0
2260;2260;2,25;0;0;4,0;2,0;0;7200;4;289659,0
3640;3640;3,0;0;0;5,0;2,0;0;6930;3;555000,0
1530;1530;1,5;0;0;3,0;1,0;0;23660;3;450000,0
2490;1670;2,5;0;820;3,0;2,0;0;4000;5;1145000,0
1440;1440;1,75;0;0;3,0;1,0;0;11787;3;495000,0
3760;3060;3,0;3;700;3,0;2,5;0;8500;4;1250000,0
1720;1420;1,75;0;300;4,0;1,0;0;6975;3;580000,0
2480;1510;2,5;0;970;4,0;1,0;0;16360;5;560000,0
3990;3990;3,5;0;0;4,0;2,0;0;5267;3;1080000,0
840;700;1,75;0;140;2,0;1,0;0;3340;3;450000,0
2270;2270;2,0;0;0;3,0;1,0;0;11989;4;815000,0
2580;2580;2,5;0;0;4,0;2,0;0;5476;3;354000,0
1580;1580;1,75;0;0;3,0;1,0;0;6620;3;279900,0
950;950;1,0;0;0;2,0;1,0;0;7954;4;339000,0
3190;2160;3,5;3;1030;4,0;2,0;0;5040;3;1340000,0
3740;3100;3,25;0;640;3,0;2,5;0;136915;3;710000,0
2620;1310;2,75;2;1310;4,0;1,0;0;4743;4;815000,0
2080;2080;1,75;0;0;3,0;1,0;0;75794;3;800000,0
1660;970;2,0;0;690;3,0;1,0;0;3729;5;638000,0
1520;1520;1,75;0;0;3,0;1,0;0;11085;3;475580,0
1140;1140;1,0;0;0;3,0;1,0;0;27760;4;243800,0
3240;2910;2,5;0;330;3,0;2,0;0;8016;3;600000,0
2460;2460;2,0;0;0;3,0;1,0;0;41343;4;620000,0
1750;1750;2,75;0;0;4,0;1,5;0;5080;3;750000,0
2430;1760;1,75;0;670;3,0;2,0;0;5000;4;626000,0
1060;1060;1,0;0;0;3,0;1,0;0;9946;4;230000,0
2410;2410;3,0;2;0;3,0;2,0;0;7479;3;537000,0
720;720;1,0;0;0;2,0;1,0;0;8040;3;210000,0
1260;1260;1,75;0;0;3,0;1,0;0;9346;4;200500,0
1640;1090;1,0;0;550;3,0;1,0;0;12384;4;253500,0
1310;960;1,0;0;350;3,0;1,0;0;9612;3;150000,0
2120;1220;1,5;0;900;3,0;1,0;0;6290;4;440000,0
3320;2260;1,75;3;1060;3,0;1,5;0;478288;4;667000,0
1210;1210;1,0;1;0;3,0;1,0;0;9622;3;660000,0
2590;2590;2,75;0;0;3,0;2,0;0;12063;3;695000,0
2250;2250;2,5;0;0;4,0;2,0;0;7526;3;440000,0
4040;2020;3,0;0;2020;4,0;1,0;0;20001;3;1388000,0
1090;1090;1,0;0;0;3,0;1,5;0;6710;5;219500,0
1660;1660;1,5;0;0;3,0;2,0;0;15600;3;220000,0
1780;1780;1,0;3;0;2,0;1,0;0;81021;4;270000,0
3370;2470;3,5;2;900;4,0;2,0;0;5000;3;900000,0
4480;3420;3,0;0;1060;5,0;2,5;0;5000;5;1990000,0
2990;2990;2,5;0;0;4,0;2,0;0;16809;3;800000,0
2280;2280;2,0;0;0;5,0;1,5;0;19000;3;365000,0
2480;1730;3,0;3;750;3,0;2,0;0;5500;3;1387800,0
2830;2830;2,75;0;0;5,0;1,5;0;8925;3;451000,0
920;920;1,0;0;0;2,0;1,0;0;7569;4;202000,0
3250;3250;2,25;0;0;4,0;2,0;0;16684;3;1410000,0
1240;1240;1,75;0;0;2,0;1,0;0;6417;5;471000,0
3230;1870;2,5;0;1360;4,0;1,0;0;12100;3;827000,0
2500;1300;2,5;0;1200;5,0;1,0;0;9583;3;235000,0
1390;1390;1,75;0;0;2,0;1,0;0;4482;4;216500,0
1940;1940;1,75;0;0;5,0;1,5;0;6654;4;359000,0
1900;1900;2,0;0;0;3,0;1,0;0;8002;3;252500,0
2380;1850;1,5;0;530;3,0;1,0;0;14500;4;370000,0
1480;860;2,0;0;620;3,0;1,0;0;3876;5;663000,0
3460;3460;3,75;0;0;4,0;2,0;0;6738;3;971971,0
1444;1444;1,75;0;0;3,0;1,5;0;249126;3;420000,0
1930;1200;3,0;0;730;4,0;1,0;0;3031;3;330675,0
1200;1200;1,0;0;0;4,0;1,5;0;2171;3;240000,0
1769;1769;2,5;0;0;3,0;2,0;0;7324;3;334888,0
2490;2490;2,5;0;0;3,0;2,5;0;4540;3;414000,0
3060;2300;3,25;0;760;4,0;2,0;0;3898;3;782900,0
3030;3030;2,75;0;0;4,0;2,0;0;6625;3;525000,0
2370;2370;2,5;0;0;3,0;2,0;0;5353;3;429900,0
1370;1100;3,25;0;270;3,0;2,0;0;913;3;390000,0
1500;1500;1,75;0;0;3,0;1,0;0;11968;3;224000,0
1715;1715;2,25;0;0;3,0;2,0;0;6819;3;257500,0
1110;1110;1,0;0;0;2,0;1,0;0;3200;3;665000,0
2400;2400;2,75;0;0;5,0;2,0;0;8050;3;327000,0
1520;1520;1,0;3;0;3,0;1,5;0;213444;5;425000,0
3190;3190;2,75;0;0;4,0;2,0;0;10970;3;687500,0
2400;1250;2,25;0;1150;3,0;1,5;0;5300;4;672500,0
1060;1060;1,0;0;0;3,0;1,0;0;7473;3;140000,0
1220;1220;1,75;0;0;2,0;1,0;0;15600;3;215500,0
2020;1380;2,25;0;640;4,0;1,0;0;8424;4;464900,0
2300;1380;2,25;0;920;4,0;1,0;0;7700;3;417000,0
2300;1550;2,75;3;750;4,0;1,0;0;37533;5;453000,0
1660;1400;2,5;2;260;3,0;2,0;0;1545;3;700000,0
3900;2520;3,0;4;1380;4,0;1,0;0;9750;5;1619999,0
1650;1650;1,75;0;0;3,0;1,0;0;12349;3;259500,0
2110;1290;2,5;0;820;4,0;1,0;0;35091;4;460000,0
1960;980;1,75;0;980;3,0;1,0;0;6380;4;561500,0
2770;2770;2,5;0;0;4,0;2,0;0;63118;3;641000,0
2440;1610;1,75;0;830;4,0;1,0;0;7350;3;330000,0
1320;1320;1,0;0;0;2,0;1,0;0;8380;3;447000,0
2570;2570;2,5;0;0;4,0;2,0;0;4865;3;320000,0
940;940;1,0;0;0;2,0;1,0;0;5040;3;212700,0
700;700;1,0;0;0;2,0;1,0;0;4800;3;260000,0
1400;1400;2,0;0;0;3,0;2,0;0;45738;4;410000,0
1890;1890;2,5;0;0;4,0;2,0;0;7867;3;355000,0
720;720;1,0;0;0;2,0;1,0;0;11400;5;275500,0
2410;1860;1,75;0;550;3,0;1,0;0;8944;4;415000,0
1630;1320;2,5;0;310;3,0;1,0;0;7950;3;279000,0
2330;1180;1,75;0;1150;5,0;1,0;0;14322;4;350000,0
1330;1330;2,25;0;0;2,0;2,0;0;10838;3;355000,0
3190;2300;2,25;0;890;4,0;2,0;0;11597;3;750000,0
1400;1400;1,75;0;0;3,0;1,0;0;6300;3;235000,0
970;970;1,0;0;0;3,0;1,0;0;9583;4;209950,0
1010;1010;1,75;0;0;3,0;1,0;0;9600;5;230000,0
3580;3580;2,5;0;0;3,0;1,5;0;54450;3;725000,0
1050;850;1,0;0;200;2,0;1,0;0;2570;5;430000,0
2500;1490;2,5;0;1010;5,0;1,0;0;7200;4;661500,0
2630;2630;3,0;0;0;3,0;2,0;0;4896;3;738000,0
6640;6640;4,5;0;0;4,0;2,0;0;53330;3;1820000,0
910;910;1,0;0;0;3,0;1,0;0;8789;3;221000,0
2610;2610;2,5;0;0;3,0;2,0;0;35000;3;665000,0
1720;1720;2,5;0;0;3,0;2,0;0;6194;3;255000,0
3650;2750;2,75;0;900;5,0;2,0;0;13297;5;1195000,0
2040;2040;1,75;0;0;3,0;1,0;0;22693;4;355000,0
3260;2310;2,5;1;950;5,0;1,5;0;24300;4;755000,0
1590;1590;1,5;0;0;3,0;1,0;0;8911;3;300000,0
1440;1440;1,0;0;0;4,0;1,5;0;7100;3;500000,0
900;900;1,0;0;0;2,0;1,0;0;3400;5;191000,0
3120;2090;4,0;2;1030;6,0;2,0;0;4240;4;315000,0
1060;1060;2,5;0;0;3,0;2,0;0;1536;3;415000,0
3000;3000;2,5;0;0;4,0;2,0;0;9793;3;394000,0
2230;2230;2,5;0;0;3,0;2,0;0;5348;3;490000,0
1890;1090;1,75;0;800;5,0;1,5;0;5000;3;523460,0
4150;4150;3,5;0;0;4,0;2,0;0;16197;3;550000,0
1780;1280;1,75;0;500;3,0;1,0;0;10409;3;342000,0
2710;2710;2,5;0;0;4,0;2,0;0;6583;3;560000,0
4390;3320;4,25;3;1070;4,0;2,0;0;13833;3;1050000,0
1640;1540;1,5;0;100;2,0;1,5;0;4080;5;710000,0
1670;1670;2,25;3;0;3,0;1,5;0;4800;3;1020000,0
2570;2570;2,5;0;0;3,0;2,0;0;10431;3;399950,0
1500;1500;1,0;0;0;2,0;1,0;0;3420;3;480000,0
2710;2710;1,0;3;0;3,0;2,0;0;19000;4;410000,0
2860;1710;1,75;0;1150;4,0;1,0;0;48351;3;530000,0
840;840;0,75;4;0;2,0;1,0;1;40642;4;528000,0
2990;2990;2,5;0;0;4,0;2,0;0;8913;4;469900,0
1170;800;1,0;0;370;5,0;1,0;0;6757;4;397000,0
1200;1030;1,5;0;170;3,0;1,0;0;6240;3;718500,0
1020;1020;1,0;0;0;2,0;1,0;0;8100;3;195000,0
910;910;1,0;0;0;2,0;1,0;0;8155;4;285000,0
700;700;1,0;0;0;1,0;1,0;0;2500;4;295000,0
2420;1880;1,75;0;540;4,0;1,0;0;37800;4;602000,0
1950;1950;1,75;0;0;3,0;1,0;0;8712;3;235000,0
3060;3060;2,5;0;0;4,0;2,0;0;6000;3;465000,0
1390;1390;1,0;0;0;4,0;1,0;0;18000;3;234000,0
1200;1200;1,5;0;0;2,0;3,0;0;1687;3;504200,0
2440;2440;2,5;0;0;3,0;2,0;0;4153;3;710000,0
2310;1730;3,25;0;580;3,0;2,0;0;3075;3;589500,0
2600;2600;2,75;0;0;3,0;1,5;0;64626;3;415000,0
1490;1040;2,25;0;450;3,0;2,0;0;1212;3;735000,0
2432;2432;2,5;2;0;3,0;2,0;0;9391;3;427000,0
3610;3610;2,75;0;0;4,0;2,0;0;8580;3;982000,0
2530;2530;3,0;0;0;4,0;2,0;0;10000;3;459000,0
2790;2790;2,75;0;0;4,0;2,0;0;5527;3;483453,0
1670;1670;3,0;0;0;3,0;1,0;0;4440;3;246950,0
1170;1070;1,5;0;100;1,0;2,0;0;1456;3;235000,0
1350;1350;2,0;0;0;4,0;3,0;0;942;3;288790,0
1110;1110;1,75;0;0;2,0;2,0;0;1773;3;229800,0
1100;1100;1,25;0;0;1,0;3,0;0;638;3;516500,0
2820;2460;4,25;0;360;3,0;2,0;0;7200;4;1600000,0
1040;1040;1,0;0;0;3,0;1,0;0;8128;3;234000,0
1910;1910;1,75;0;0;2,0;2,0;0;3376;3;230000,0
1370;1370;1,0;0;0;4,0;1,0;0;8499;3;300000,0
1500;1140;1,5;0;360;3,0;1,5;0;5000;4;470000,0
1200;1200;1,0;0;0;3,0;1,0;0;9087;5;339900,0
1050;880;1,0;0;170;2,0;1,0;0;2542;3;650000,0
2670;1620;2,5;0;1050;5,0;1,5;0;16777;4;585000,0
2190;1430;2,5;0;760;4,0;1,0;0;11500;4;699900,0
3130;3130;2,5;0;0;4,0;2,0;0;40918;3;598000,0
1700;1160;2,5;0;540;3,0;1,0;0;9100;3;475000,0
1700;1200;1,75;0;500;3,0;1,0;0;17355;3;314500,0
1360;1240;3,5;0;120;3,0;2,0;0;1275;3;397000,0
1610;1610;2,0;0;0;3,0;1,0;0;15005;4;345000,0
2130;1300;2,75;0;830;5,0;1,0;0;6222;3;325000,0
1800;1800;1,0;0;0;3,0;1,0;0;7650;5;265000,0
2950;2120;2,75;0;830;4,0;1,0;0;15540;4;402000,0
2120;2120;2,25;0;0;3,0;2,0;0;54014;4;835000,0
3500;3500;2,5;0;0;4,0;2,0;0;7048;3;780000,0
1440;1440;2,0;0;0;3,0;1,0;0;9220;3;250000,0
2120;2120;2,0;0;0;4,0;2,0;0;3360;3;1200000,0
1780;1780;2,5;0;0;2,0;2,0;0;2067;5;935000,0
960;960;1,0;0;0;2,0;1,0;0;8153;3;300000,0
1510;1510;1,75;0;0;2,0;1,0;0;4980;3;419000,0
1010;1010;1,5;0;0;1,0;1,0;0;5750;3;410000,0
3790;2810;3,0;0;980;3,0;2,0;0;5001;3;1165000,0
3600;2400;1,75;0;1200;3,0;2,0;0;8666;4;461000,0
1300;1300;1,75;0;0;3,0;1,0;0;7030;3;385000,0
2500;1520;2,25;0;980;4,0;1,5;0;4046;4;669500,0
2090;1440;2,25;0;650;3,0;1,0;0;10733;3;491950,0
2200;2200;1,75;1;0;3,0;1,5;0;14630;3;1230000,0
2070;2070;2,25;0;0;3,0;1,5;0;15002;3;560000,0
1320;1320;1,0;0;0;3,0;1,0;0;7341;3;370000,0
1360;960;2,0;0;400;4,0;1,0;0;60548;3;263400,0
930;930;1,0;0;0;2,0;1,0;0;7623;2;100000,0
1760;1760;2,5;0;0;3,0;1,5;0;8584;5;289950,0
1410;1410;1,75;0;0;3,0;2,0;0;8100;3;263000,0
2570;2570;2,5;0;0;4,0;2,0;0;7859;3;397500,0
1300;860;2,75;0;440;3,0;1,0;0;14197;3;245000,0
1580;1180;1,0;0;400;3,0;1,0;0;6300;3;535000,0
2960;2960;2,5;0;0;4,0;2,0;0;6031;3;449000,0
2330;1920;3,0;0;410;4,0;2,0;0;3497;3;490000,0
2070;1470;2,25;0;600;4,0;1,0;0;39446;3;445800,0
970;970;1,0;0;0;2,0;1,0;0;5750;4;345000,0
2310;2310;2,25;0;0;3,0;2,0;0;7200;3;327500,0
2290;2290;2,5;0;0;4,0;2,0;0;11173;4;436500,0
1720;1220;2,25;0;500;3,0;1,0;0;9600;4;550000,0
1190;990;1,5;0;200;2,0;1,0;0;3400;3;441000,0
870;870;1,0;0;0;2,0;1,0;0;5750;4;406500,0
1068;1068;1,5;0;0;2,0;2,0;0;1758;3;243000,0
2140;2140;2,75;0;0;4,0;2,0;0;10316;3;359500,0
3300;3300;2,5;0;0;4,0;2,0;0;165528;3;760000,0
4830;3710;4,25;2;1120;5,0;2,5;0;8050;4;1925000,0
2820;2320;3,25;0;500;5,0;1,5;0;6589;3;408000,0
2440;1890;3,0;0;550;4,0;2,0;0;9664;3;480000,0
1800;1800;1,5;0;0;4,0;1,5;0;3245;4;875000,0
1010;1010;1,0;0;0;3,0;1,0;0;8800;4;308000,0
3220;2320;2,75;0;900;4,0;1,5;0;4392;4;880000,0
5000;3410;3,5;3;1590;5,0;2,0;0;26540;3;1730000,0
1200;1200;1,0;0;0;2,0;2,0;0;24792;2;170000,0
1470;1470;2,25;0;0;3,0;2,0;0;4322;3;491500,0
2600;2600;2,5;0;0;3,0;2,0;0;4506;3;515000,0
2750;1500;1,5;0;1250;4,0;1,0;0;128502;2;550000,0
1320;940;1,0;0;380;2,0;1,0;0;9967;3;255000,0
3350;2550;2,5;0;800;3,0;2,0;0;4007;3;635000,0
2650;1830;2,5;0;820;3,0;2,0;0;2387;3;850000,0
1860;1260;2,0;0;600;2,0;1,0;0;10856;3;265000,0
960;960;1,0;0;0;3,0;1,0;0;8855;4;349810,0
2010;1610;1,75;2;400;4,0;1,0;0;6300;5;972000,0
900;900;1,0;0;0;2,0;1,0;0;28800;1;235000,0
2340;2340;2,5;0;0;4,0;2,0;0;11784;3;330000,0
3720;3720;3,0;0;0;4,0;3,0;0;15048;3;500000,0
1890;1470;2,0;0;420;3,0;1,0;0;29185;3;570000,0
2680;1590;2,5;4;1090;4,0;1,0;1;12215;3;1309500,0
1460;1180;2,5;0;280;3,0;2,0;0;1613;3;544000,0
3180;1810;2,5;0;1370;3,0;1,0;0;7904;3;439000,0
1980;1980;2,25;0;0;4,0;2,0;0;15086;3;530000,0
1090;1090;2,0;0;0;2,0;3,0;0;934;3;427500,0
2230;2230;2,5;0;0;4,0;2,0;0;5970;4;337000,0
3330;3330;2,75;0;0;4,0;2,0;0;9143;4;1095000,0
1880;970;2,0;0;910;4,0;1,0;0;3840;3;435000,0
2870;1950;3,0;0;920;5,0;1,0;0;5700;3;765000,0
2120;1640;1,75;0;480;4,0;1,0;0;9786;3;492650,0
2700;2700;2,5;0;0;4,0;2,0;0;6998;3;383962,0
3670;3670;2,5;0;0;4,0;2,5;0;7680;3;950000,0
1220;1010;2,5;0;210;3,0;2,0;0;1330;3;457000,0
4390;4390;3,25;0;0;5,0;2,0;0;11250;3;1510000,0
3560;3560;2,5;0;0;4,0;3,0;0;5265;3;882566,0
3530;3530;3,25;0;0;4,0;2,0;0;8589;3;963000,0
2280;2280;2,5;0;0;4,0;2,0;0;5000;3;345000,0
4350;4350;3,75;0;0;4,0;2,0;0;7965;3;2065000,0
3830;3530;3,5;0;300;3,0;2,0;0;221284;3;800000,0
2050;2050;2,0;0;0;3,0;1,0;0;13303;3;314500,0
3660;3260;2,5;2;400;3,0;2,0;0;39478;4;530000,0
3350;3350;2,5;0;0;4,0;2,0;0;46748;3;650000,0
1270;1270;2,0;0;0;3,0;1,0;0;3600;3;349500,0
3400;2790;3,5;0;610;4,0;2,5;0;3850;3;1198000,0
1200;1200;1,0;0;0;3,0;1,0;0;8514;3;165050,0
2200;2200;2,5;2;0;3,0;2,0;0;11000;3;580000,0
1680;1080;2,5;0;600;3,0;1,0;0;11312;3;330000,0
3840;3840;3,5;0;0;5,0;2,0;0;8279;3;875000,0
950;850;1,0;2;100;2,0;1,0;0;4500;3;500000,0
2280;2280;2,5;0;0;4,0;2,0;0;42077;3;445000,0
1970;1970;2,5;0;0;4,0;2,0;0;6600;3;274900,0
1620;1620;1,5;0;0;3,0;1,0;0;9310;4;219950,0
2600;2600;2,5;0;0;4,0;2,0;0;7200;3;691500,0
1250;850;1,0;0;400;2,0;1,0;0;3825;3;459500,0
2130;2130;1,75;0;0;4,0;1,5;0;5080;3;955500,0
2550;1300;1,75;0;1250;4,0;1,0;0;8976;5;328950,0
1150;1150;1,0;0;0;3,0;1,5;0;6000;3;307000,0
1040;1040;1,75;0;0;3,0;1,0;0;9000;4;382500,0
3340;3340;2,5;0;0;4,0;2,0;0;10422;3;1150000,0
2630;2510;2,75;0;120;6,0;2,0;0;9420;5;1297000,0
1640;1640;2,25;0;0;3,0;2,0;0;3896;3;478000,0
770;770;1,0;0;0;2,0;1,0;0;7906;4;260000,0
4350;2200;3,25;0;2150;4,0;1,0;0;112750;3;850000,0
1700;1700;1,75;0;0;4,0;1,0;0;5846;3;616000,0
2050;1400;1,75;0;650;3,0;1,0;0;9580;3;540000,0
1660;1660;2,25;0;0;3,0;2,0;0;5128;3;300000,0
1990;1190;1,75;0;800;3,0;1,0;0;9594;3;507500,0
7050;4320;5,5;2;2730;5,0;1,0;0;42840;4;3800000,0
1770;1770;2,0;0;0;3,0;1,0;0;7000;3;241000,0
2440;2090;2,25;0;350;3,0;2,0;0;47916;3;485000,0
2620;2620;2,5;0;0;3,0;2,0;0;51354;3;695000,0
2440;2440;2,5;0;0;4,0;2,0;0;11005;3;548000,0
1080;1080;1,0;0;0;2,0;1,0;0;7775;3;345000,0
1090;1090;1,0;0;0;3,0;1,0;0;10710;4;280000,0
1400;1400;1,75;0;0;3,0;1,0;0;13775;3;450000,0
2010;2010;2,5;0;0;3,0;2,0;0;7200;3;515000,0
1640;1500;1,0;0;140;3,0;1,5;0;12855;5;1014250,0
3290;3290;2,5;0;0;5,0;2,0;0;5029;3;739900,0
2510;2510;2,5;0;0;2,0;2,0;0;14878;3;600000,0
860;860;1,0;0;0;2,0;1,0;0;6050;3;370000,0
2840;1780;2,5;0;1060;4,0;1,0;0;12866;4;729032,0
1750;1750;1,75;0;0;3,0;2,0;0;7020;3;510000,0
1300;1300;1,5;0;0;3,0;1,0;0;19163;3;425000,0
3890;3260;2,75;1;630;3,0;2,0;0;7216;3;1080000,0
1460;1460;2,25;0;0;3,0;3,0;0;941;3;337000,0
1410;1410;1,0;0;0;4,0;1,5;0;3376;5;563000,0
3770;3070;2,75;2;700;4,0;2,0;0;10900;5;1695000,0
1190;1190;2,0;0;0;3,0;1,5;0;4072;5;245000,0
1410;910;2,0;0;500;3,0;1,0;0;6413;4;590000,0
2500;1680;2,0;0;820;3,0;1,5;0;4080;5;695000,0
800;800;1,0;0;0;2,0;1,0;0;2280;5;402500,0
2530;2530;2,5;0;0;3,0;2,0;0;13446;3;435000,0
2570;1970;2,0;0;600;3,0;1,0;0;28500;3;660000,0
2090;1340;2,75;0;750;3,0;1,0;0;9620;3;300000,0
2980;1580;2,25;0;1400;5,0;1,0;0;7781;3;600000,0
1170;1170;1,75;0;0;3,0;1,0;0;8239;3;205000,0
2080;2080;3,5;0;0;3,0;2,0;0;5100;3;357500,0
3350;2510;3,25;0;840;5,0;2,0;0;4000;4;1110000,0
1050;950;2,5;0;100;2,0;2,0;0;1029;3;332888,0
900;900;1,0;0;0;2,0;1,0;0;13531;3;174000,0
1050;1050;1,0;0;0;2,0;1,0;0;5000;5;515000,0
3740;2240;2,25;0;1500;5,0;1,5;0;32481;3;392000,0
1430;1430;1,75;0;0;4,0;2,0;0;4096;3;485000,0
1400;1400;1,75;0;0;3,0;1,0;0;9546;4;217500,0
1600;1600;2,25;0;0;3,0;2,0;0;45613;4;502000,0
2880;2880;2,25;0;0;3,0;2,0;0;9750;3;820000,0
3140;2240;3,25;3;900;3,0;2,0;0;5445;4;1640000,0
820;820;1,0;0;0;2,0;1,0;0;4320;3;102500,0
5190;5190;5,5;2;0;5,0;2,0;0;12637;3;925000,0
2180;1180;2,5;0;1000;4,0;1,0;0;10140;4;540000,0
910;910;1,0;0;0;2,0;1,5;0;2002;3;600000,0
1580;1580;1,0;2;0;4,0;1,5;0;8475;4;406000,0
2130;1440;3,0;0;690;4,0;1,0;0;6325;5;620000,0
4570;4570;2,5;2;0;4,0;2,0;0;16015;3;1060000,0
1240;1000;2,0;0;240;3,0;1,0;0;11172;3;401000,0
1860;1860;1,75;2;0;3,0;2,0;0;6000;4;725000,0
370;370;0,75;0;0;1,0;1,0;0;1801;5;276000,0
3130;2180;3,25;0;950;5,0;2,0;0;12087;3;500000,0
2530;1800;1,75;0;730;3,0;1,0;0;35150;4;375000,0
3970;3390;4,75;2;580;4,0;2,0;0;9778;4;2300000,0
1920;1300;2,25;0;620;3,0;1,0;0;9680;4;260000,0
2970;2130;2,75;1;840;4,0;1,5;0;12750;4;1565000,0
2300;2300;2,5;0;0;4,0;2,0;0;6087;3;431000,0
1830;1830;2,5;0;0;4,0;2,0;0;9601;3;321000,0
1550;1180;1,5;0;370;4,0;1,0;0;5053;4;433000,0
4080;4080;3,5;0;0;4,0;2,0;0;10666;3;920000,0
1710;1710;2,25;0;0;3,0;2,0;0;21485;3;482000,0
2375;2375;2,5;0;0;3,0;2,0;0;4094;3;712000,0
2200;1100;2,75;0;1100;4,0;1,0;0;9778;4;505000,0
3530;1840;2,25;3;1690;3,0;1,0;1;17450;3;2367000,0
1110;1110;1,75;0;0;3,0;1,0;0;9012;4;452000,0
1630;1630;1,0;0;0;4,0;1,5;0;2566;3;581000,0
2550;2550;1,5;0;0;4,0;2,0;0;5055;4;952500,0
2500;2500;2,25;0;0;4,0;2,0;0;8866;4;808000,0
2890;1590;3,0;0;1300;4,0;1,0;0;6885;3;476000,0
1420;1420;1,75;0;0;4,0;1,5;0;5000;4;535000,0
4270;3170;3,5;3;1100;4,0;2,0;0;5800;5;1356925,0
2390;2220;2,5;0;170;3,0;2,0;0;1984;3;629800,0
2530;2530;2,5;0;0;4,0;2,0;0;5048;3;417838,0
2701;2701;2,5;0;0;4,0;2,0;0;4500;3;399895,0
3990;3990;2,75;0;0;4,0;2,0;0;6637;3;825000,0
2303;2303;2,5;0;0;4,0;2,0;0;3826;3;300000,0
1540;1540;2,25;0;0;2,0;3,0;0;965;3;640000,0
1450;940;2,5;0;510;3,0;2,0;0;1053;3;460000,0
1160;1040;2,5;0;120;2,0;2,0;0;1458;3;525000,0
2910;2910;2,75;0;0;4,0;2,0;0;6334;3;499990,0
3770;3770;3,5;0;0;4,0;2,0;0;8501;3;1020000,0
2900;1450;2,25;0;1450;5,0;1,0;0;10300;3;675000,0
1540;770;1,75;2;770;3,0;1,0;0;3000;3;512031,0
700;700;1,0;0;0;2,0;1,0;0;3000;4;310000,0
3280;1680;2,5;0;1600;3,0;1,0;0;10302;3;1075000,0
2430;1430;2,0;0;1000;4,0;1,0;0;8960;3;255000,0
1900;1900;2,5;0;0;3,0;2,0;0;7984;3;435000,0
1660;1260;2,0;0;400;3,0;1,0;0;15050;3;453000,0
1620;1620;2,0;0;0;4,0;2,0;0;7992;4;260000,0
2090;2090;2,0;0;0;4,0;1,0;0;10800;4;659000,0
1110;1110;2,0;0;0;3,0;1,0;0;7231;4;223000,0
3760;2550;3,25;0;1210;5,0;2,0;0;9792;3;851000,0
2080;1530;2,25;0;550;3,0;1,0;0;12134;4;605000,0
1950;1330;2,25;0;620;4,0;1,0;0;5950;3;895000,0
2570;1470;2,25;1;1100;5,0;1,0;0;13054;3;519000,0
2330;1390;1,75;0;940;3,0;1,0;0;12141;3;535000,0
3700;3700;3,0;0;0;3,0;2,0;0;10375;3;489000,0
1920;1520;2,25;0;400;3,0;1,0;0;7738;3;250000,0
1900;1200;2,25;0;700;3,0;1,5;0;3960;3;580000,0
1440;1440;1,75;0;0;4,0;1,0;0;13296;4;1038000,0
2940;1520;2,25;0;1420;4,0;1,0;0;48788;5;605000,0
2500;1810;3,5;0;690;4,0;2,0;0;3080;3;599950,0
2490;2490;2,5;0;0;3,0;2,0;0;23891;3;700000,0
1470;1470;2,0;0;0;3,0;1,0;0;10052;4;480000,0
2120;2120;2,5;0;0;4,0;2,0;0;4558;3;329950,0
1200;1200;1,75;0;0;3,0;1,0;0;24805;3;250000,0
2450;2450;2,5;0;0;5,0;2,0;0;6994;3;345000,0
1780;1780;2,5;0;0;4,0;2,0;0;6000;3;175000,0
1590;1090;1,0;0;500;5,0;1,5;0;6700;3;185000,0
2370;2370;2,0;0;0;4,0;2,0;0;76665;4;411000,0
1760;1760;1,5;0;0;3,0;2,0;0;4000;3;690000,0
1940;1940;3,0;0;0;4,0;1,0;0;8170;4;265000,0
3550;2180;3,0;0;1370;4,0;1,5;0;12327;4;720000,0
2050;2050;2,5;0;0;4,0;2,0;0;5787;3;256000,0
1680;1680;2,25;0;0;4,0;2,0;0;3179;3;255000,0
1320;1320;2,25;0;0;3,0;2,0;0;1800;3;540000,0
1550;1550;2,25;0;0;3,0;2,0;0;5511;3;481015,0
2680;1590;1,75;0;1090;3,0;1,0;0;8625;5;575000,0
2390;1840;2,5;0;550;3,0;1,0;0;34041;3;339950,0
2040;2040;2,5;0;0;4,0;2,0;0;7260;4;475000,0
2670;2020;3,75;4;650;3,0;2,5;0;6517;4;732000,0
1880;1880;1,75;0;0;4,0;1,5;0;3720;4;860000,0
2400;1500;1,75;0;900;4,0;1,5;0;7700;4;389000,0
2270;1370;1,75;0;900;3,0;1,0;0;11472;4;645000,0
1850;1850;2,5;0;0;4,0;2,0;0;5444;5;475000,0
2160;1430;2,75;0;730;4,0;1,0;0;5005;3;550000,0
2160;1360;1,0;0;800;2,0;1,0;0;12960;3;305000,0
1570;1320;1,5;2;250;2,0;1,5;0;3600;4;782000,0
1340;1340;2,0;0;0;3,0;1,5;0;7200;4;545000,0
3002;3002;2,5;0;0;4,0;2,0;0;6042;3;394500,0
2190;1110;2,0;0;1080;5,0;1,0;0;9072;5;600000,0
2610;2610;1,75;0;0;4,0;1,0;0;21600;4;1300000,0
1010;1010;1,0;0;0;2,0;1,0;0;11919;3;300000,0
2105;2105;2,5;0;0;4,0;2,0;0;6093;3;330000,0
2430;1630;2,25;0;800;4,0;1,5;0;4748;3;723000,0
4040;4040;3,25;0;0;4,0;1,0;0;18916;4;2271150,0
2160;2160;2,5;0;0;5,0;2,0;0;7737;3;480000,0
900;900;1,0;0;0;2,0;1,0;0;9260;3;496000,0
1820;1540;3,0;0;280;3,0;3,0;0;1641;3;625000,0
2100;1050;2,0;0;1050;4,0;1,0;0;13468;5;475000,0
1520;1520;2,25;0;0;3,0;2,0;0;7199;4;275250,0
1310;940;1,0;0;370;2,0;1,0;0;7128;4;253000,0
2190;1410;2,5;0;780;4,0;1,0;0;9880;4;630000,0
2950;1720;2,5;0;1230;5,0;1,5;0;5500;5;660500,0
1870;1580;1,0;0;290;5,0;1,0;0;7800;3;262000,0
4660;3040;3,5;4;1620;3,0;2,0;0;5500;5;2147500,0
1840;1840;2,5;0;0;3,0;1,0;0;9900;3;552000,0
3180;2610;2,5;4;570;2,0;2,0;0;9400;5;1411600,0
1500;1100;1,0;0;400;2,0;1,0;0;4000;3;736000,0
1730;1730;1,75;0;0;3,0;1,5;0;7416;3;355000,0
1580;1010;1,0;0;570;3,0;1,0;0;7424;3;305000,0
1540;1540;2,5;0;0;4,0;2,0;0;1870;3;484998,0
3390;2610;3,5;0;780;4,0;2,0;0;3979;3;1054690,0
830;830;1,5;0;0;2,0;2,0;0;1858;3;334500,0
2620;2620;2,75;0;0;4,0;2,0;0;6178;3;475000,0
2242;2242;2,5;0;0;3,0;2,0;0;4500;3;309780,0
2890;2890;2,5;0;0;4,0;2,0;0;7798;3;795000,0
1450;1450;2,25;0;0;3,0;2,0;0;4050;3;274500,0
800;800;1,5;0;0;2,0;2,0;0;2119;3;265050,0
2280;1880;2,5;0;400;3,0;2,0;0;2502;3;567500,0
3850;3120;4,5;0;730;3,0;2,0;0;62726;3;915000,0
2270;2270;2,5;0;0;5,0;2,0;0;6300;3;285000,0
2250;2250;2,5;0;0;3,0;2,0;0;5692;3;445838,0
2600;1610;1,75;0;990;4,0;1,0;0;11325;4;304900,0
2490;2490;2,0;0;0;4,0;2,0;0;9525;5;940000,0
3160;3160;2,5;0;0;4,0;2,0;0;8281;4;1127000,0
4930;4930;4,25;0;0;4,0;2,0;0;25714;3;835000,0
1440;1440;1,0;0;0;3,0;1,0;0;11250;3;290000,0
1770;1770;1,75;0;0;3,0;1,0;0;8868;4;250000,0
2300;2300;2,5;0;0;4,0;2,0;0;6448;3;342000,0
2980;2980;2,5;0;0;4,0;2,0;0;16263;3;1012000,0
2230;1300;2,25;0;930;4,0;1,0;0;7200;4;400000,0
1830;930;1,75;0;900;3,0;1,0;0;7969;3;312500,0
1740;1020;1,0;0;720;3,0;1,0;0;10875;4;267000,0
1530;1410;1,75;0;120;3,0;1,0;0;6743;3;575000,0
1520;1520;1,5;0;0;3,0;1,0;0;9041;4;810000,0
3230;2430;2,5;2;800;3,0;2,0;0;5000;5;850000,0
3620;2730;3,25;0;890;3,0;2,0;0;4000;3;1015000,0
5070;5070;3,75;0;0;4,0;2,0;0;60123;3;1100000,0
1570;1570;1,75;0;0;3,0;1,0;0;8750;3;240000,0
2080;1050;1,75;0;1030;4,0;1,0;0;7200;4;198000,0
2230;1430;2,5;0;800;4,0;1,0;0;8624;4;565000,0
3420;2540;3,0;0;880;5,0;2,0;0;18129;3;1195000,0
2790;1470;2,75;0;1320;8,0;1,0;0;6695;3;340000,0
3150;3150;2,5;0;0;4,0;2,0;0;4203;3;815000,0
3930;3930;3,25;0;0;4,0;2,0;0;10929;3;1875000,0
2190;1490;3,0;0;700;5,0;2,0;0;4900;5;588000,0
1890;1890;2,5;0;0;4,0;2,0;0;6962;3;280500,0
1900;1900;2,0;0;0;4,0;1,0;0;76877;3;390000,0
1930;1930;1,5;0;0;2,0;2,0;0;3521;3;509000,0
3316;3316;2,5;0;0;3,0;2,0;0;11447;3;490600,0
1380;1380;1,5;0;0;3,0;1,0;0;4500;5;650000,0
2080;2080;4,0;4;0;3,0;3,0;0;2250;3;715000,0
1240;1240;1,0;0;0;3,0;1,5;0;5000;5;529950,0
1020;1020;1,0;0;0;3,0;1,0;0;8610;5;265000,0
2360;2360;2,0;0;0;3,0;2,0;0;4800;3;1755000,0
2780;2110;2,5;1;670;3,0;1,5;0;33503;4;1140000,0
2300;1430;2,0;0;870;3,0;1,0;0;13418;3;610000,0
2020;1730;2,5;0;290;4,0;2,0;0;4350;5;554729,0
1840;1360;1,75;2;480;5,0;1,0;0;10453;3;395000,0
1390;1390;1,0;0;0;3,0;1,5;0;4814;3;341000,0
2060;1200;2,25;0;860;4,0;1,0;0;11385;4;264500,0
2640;2640;2,75;0;0;4,0;1,5;0;35070;3;395000,0
1980;1980;2,25;0;0;3,0;1,0;0;10115;3;640000,0
1810;1030;1,5;0;780;3,0;1,0;0;5080;3;430000,0
1700;1700;2,5;0;0;4,0;1,0;0;9000;5;410000,0
1200;1200;1,0;0;0;4,0;1,5;0;6000;3;220000,0
2980;2150;3,25;0;830;4,0;2,0;0;3600;3;1625000,0
1350;1120;2,75;0;230;2,0;2,0;0;1252;3;405500,0
2360;1980;2,5;3;380;4,0;1,0;0;10000;3;633000,0
1190;1190;1,0;0;0;2,0;1,0;0;6200;3;295950,0
4110;4110;5,0;0;0;4,0;2,0;0;43560;4;1042031,0
2800;1420;2,5;0;1380;4,0;1,0;0;10786;3;605000,0
920;920;1,5;0;0;2,0;2,0;0;1598;3;255000,0
1530;1530;1,75;0;0;3,0;2,0;0;8000;3;474000,0
860;860;1,0;0;0;2,0;1,0;0;5040;3;370000,0
1520;1520;2,5;0;0;3,0;2,0;0;3593;3;288000,0
660;660;0,75;0;0;2,0;1,0;0;5240;4;100000,0
3580;3580;2,5;0;0;5,0;2,0;0;8921;3;1150000,0
3000;3000;2,25;0;0;5,0;2,0;0;13899;4;600000,0
2740;1390;3,25;0;1350;5,0;1,0;0;9629;5;515000,0
2040;2040;2,5;0;0;4,0;2,0;0;5523;3;345000,0
2520;2520;2,75;4;0;6,0;2,0;1;54160;3;975000,0
2470;2470;2,0;0;0;3,0;2,0;0;8800;3;850000,0
1930;1300;2,5;0;630;3,0;2,0;0;1348;3;439990,0
2950;2950;2,5;0;0;3,0;2,0;0;10254;3;554950,0
2610;2610;2,5;0;0;3,0;2,0;0;6405;3;605000,0
1630;1630;1,75;0;0;3,0;3,0;0;1526;3;609000,0
1400;1400;1,5;0;0;3,0;3,0;0;1022;3;425000,0
1410;900;1,75;0;510;2,0;1,5;0;1005;3;399900,0
4370;4370;3,5;0;0;4,0;2,0;0;10860;3;1025000,0
5010;4000;4,25;1;1010;4,0;2,0;0;19412;3;2351956,0
2590;2590;3,0;0;0;4,0;2,0;0;6160;3;519995,0
1300;1300;1,5;0;0;3,0;1,0;0;7200;5;625000,0
2320;2320;2,5;0;0;3,0;2,0;0;7609;3;600000,0
2700;2700;2,5;0;0;4,0;2,0;0;4275;3;1200000,0
2920;2260;2,25;0;660;4,0;2,0;0;6513;4;1738000,0
3130;1750;3,0;0;1380;4,0;1,5;0;5700;3;671000,0
1470;1030;1,75;0;440;3,0;1,0;0;4950;3;459500,0
1540;1390;2,5;0;150;3,0;3,0;0;1326;3;499000,0
3160;2020;2,5;4;1140;4,0;1,5;0;4620;3;1280000,0
1480;1480;1,75;0;0;3,0;1,0;0;7700;3;395000,0
3595;3595;2,75;0;0;5,0;2,0;0;5639;3;861990,0
1190;1190;1,0;0;0;2,0;1,0;0;4440;3;382500,0
2340;2340;2,25;0;0;4,0;1,0;0;217014;4;404950,0
1320;870;1,75;0;450;3,0;1,0;0;2500;3;530000,0
1190;1190;1,0;0;0;2,0;1,0;0;27007;4;195000,0
2350;2350;2,25;0;0;4,0;2,0;0;18600;4;747500,0
1100;1100;1,0;0;0;3,0;1,0;0;8560;3;199990,0
1660;1260;1,0;0;400;4,0;1,5;0;4704;3;548800,0
3040;2680;3,0;0;360;4,0;1,5;0;36246;3;870000,0
1860;1860;2,0;0;0;3,0;2,0;0;4777;5;588000,0
4100;2500;3,25;0;1600;4,0;2,0;0;241322;3;775000,0
4050;2620;3,0;0;1430;6,0;2,0;0;36171;4;670000,0
1240;1240;2,0;0;0;2,0;2,0;0;2500;3;445000,0
2200;2200;3,0;0;0;4,0;1,0;0;10800;3;300000,0
1680;1130;2,25;0;550;3,0;1,0;0;9090;4;480000,0
930;930;1,0;0;0;3,0;1,5;0;5160;5;300000,0
1800;1800;1,5;0;0;3,0;2,0;0;22000;3;360000,0
3000;1500;3,5;0;1500;6,0;1,0;0;8401;3;527000,0
1820;1820;1,5;0;0;3,0;1,0;0;12686;4;875000,0
1995;1995;2,25;0;0;4,0;2,0;0;7102;4;266000,0
3990;3990;3,25;0;0;4,0;2,0;0;9786;3;866000,0
800;800;1,5;0;0;2,0;1,0;0;5192;5;335950,0
960;960;1,0;0;0;3,0;1,0;0;9563;5;215000,0
2286;2286;2,5;0;0;4,0;2,0;0;8269;3;481000,0
2220;1270;1,75;0;950;3,0;1,0;0;11646;3;320000,0
1940;1940;1,75;0;0;3,0;1,5;0;7500;4;295000,0
1640;1640;1,5;0;0;3,0;2,0;0;7222;4;295000,0
1120;1120;1,0;0;0;3,0;1,0;0;10576;4;320000,0
2600;1400;2,0;2;1200;4,0;1,0;0;4800;3;780000,0
1490;1490;2,0;0;0;3,0;2,0;0;4800;5;437500,0
1650;1650;1,75;0;0;5,0;1,5;0;3000;3;443000,0
2400;2400;2,5;0;0;4,0;2,0;0;6137;3;575000,0
1500;1190;1,0;0;310;2,0;1,0;0;6685;3;245000,0
1990;1990;2,5;0;0;3,0;2,0;0;12793;3;450000,0
1130;1030;1,5;0;100;2,0;2,0;0;746;3;536000,0
2030;2030;3,25;0;0;3,0;2,0;0;11070;4;685000,0
1590;1590;1,75;0;0;4,0;2,0;0;7920;4;373000,0
1480;1480;1,75;0;0;3,0;1,0;0;8394;4;450000,0
2690;2690;2,5;0;0;4,0;2,0;0;18653;3;645000,0
3870;3870;2,5;3;0;3,0;2,0;0;46609;3;1275000,0
1390;1390;1,0;0;0;3,0;1,0;0;6000;3;230000,0
1830;1690;2,75;0;140;3,0;2,0;0;1850;3;593000,0
1580;790;2,0;0;790;2,0;1,0;0;5750;5;558000,0
2590;2590;2,25;3;0;3,0;2,0;0;15229;3;538250,0
2510;1490;2,5;0;1020;5,0;1,0;0;8050;4;475000,0
1180;1180;1,5;0;0;3,0;1,0;0;7300;4;209950,0
1450;1450;2,25;0;0;3,0;2,0;0;19206;3;410000,0
3110;2550;2,5;1;560;3,0;2,0;0;6765;4;1636000,0
2860;2860;2,5;0;0;5,0;2,0;0;68519;5;670000,0
2760;1690;2,75;0;1070;3,0;1,0;0;8476;4;821000,0
2800;1400;2,0;0;1400;5,0;1,0;0;17788;4;665000,0
1450;1450;2,5;0;0;3,0;2,0;0;3748;3;339000,0
2530;1910;2,0;0;620;4,0;1,5;0;5650;4;631500,0
1640;820;2,0;3;820;3,0;1,0;0;2808;4;570000,0
2220;2220;1,75;0;0;3,0;1,0;0;17568;4;437000,0
2040;2040;2,5;0;0;3,0;2,0;0;10086;3;542500,0
1230;1230;1,0;0;0;3,0;1,0;0;6000;4;229500,0
1060;820;1,0;0;240;2,0;1,0;0;7700;3;170500,0
1920;1920;2,5;0;0;3,0;2,0;0;9625;3;391500,0
1520;1520;2,5;0;0;3,0;2,0;0;4170;3;296475,0
3770;2710;3,25;0;1060;4,0;2,0;0;4103;5;1450000,0
3540;3540;2,5;0;0;3,0;2,0;0;38322;3;888550,0
5430;5430;3,0;0;0;4,0;2,0;0;108900;4;1360000,0
2250;2250;2,0;0;0;3,0;1,5;0;7904;3;328000,0
2090;2090;2,5;0;0;4,0;2,0;0;5195;3;300000,0
1720;1720;2,5;0;0;3,0;2,0;0;3012;3;500000,0
1910;1910;2,5;0;0;3,0;2,0;0;2091;3;494815,0
1601;1536;2,5;0;65;3,0;3,0;0;2491;3;378000,0
1060;940;2,25;0;120;2,0;2,0;0;1209;3;505000,0
2330;2330;2,75;0;0;4,0;2,0;0;3920;3;680000,0
2370;2370;2,5;0;0;3,0;2,0;0;4200;3;351999,0
1420;1420;2,5;0;0;3,0;3,0;0;1237;3;510000,0
2360;2360;2,25;0;0;4,0;2,0;0;4000;3;1300000,0
1260;1260;1,5;0;0;2,0;2,0;0;1575;3;374000,0
3030;3030;2,5;0;0;3,0;2,0;0;9053;3;509900,0
1140;1140;1,75;0;0;3,0;2,0;0;1201;3;230000,0
2820;1550;2,5;0;1270;5,0;1,0;0;9375;4;527700,0
1270;1270;2,0;0;0;2,0;3,0;0;1372;3;438000,0
3180;3180;2,5;0;0;3,0;2,0;0;12600;4;900000,0
2790;2790;2,25;3;0;3,0;1,0;0;13791;3;1131000,0
2570;2570;2,25;0;0;4,0;2,0;0;9503;3;439000,0
1080;720;1,0;0;360;2,0;1,0;0;2674;4;315000,0
3010;3010;4,0;0;0;4,0;2,0;0;7221;3;765000,0
2120;1720;2,25;0;400;3,0;1,0;0;14915;3;332000,0
1900;1440;2,25;0;460;3,0;1,5;0;46609;4;600000,0
2860;2860;2,5;0;0;3,0;2,0;0;43821;4;378500,0
910;910;1,0;0;0;3,0;1,0;0;10575;4;190000,0
2850;2850;2,5;0;0;4,0;2,0;0;37522;3;645000,0
2560;1690;2,5;0;870;2,0;2,0;0;2500;5;780000,0
1570;1570;1,75;0;0;3,0;2,0;0;16817;3;370000,0
3110;3110;3,5;2;0;4,0;2,0;0;108464;4;875000,0
4740;4740;3,75;0;0;4,0;2,0;0;126759;4;1049000,0
1340;1340;1,0;0;0;3,0;1,0;0;13750;4;479000,0
2600;1390;2,25;0;1210;4,0;1,0;0;6390;3;245000,0
1070;1070;1,75;0;0;3,0;1,0;0;8030;3;542000,0
1820;1820;2,25;0;0;3,0;2,0;0;9670;3;557500,0
1060;860;1,0;0;200;2,0;1,0;0;3040;3;480000,0
2220;1330;2,25;0;890;3,0;1,0;0;4060;3;330000,0
1350;1350;1,0;0;0;3,0;1,5;0;8700;3;160000,0
2510;1600;2,75;1;910;5,0;1,0;0;9180;4;695500,0
2340;1670;2,5;0;670;5,0;1,0;0;13713;2;235500,0
1060;1060;1,0;0;0;3,0;1,0;0;7920;4;326500,0
2200;2200;2,5;0;0;4,0;2,0;0;8065;3;300000,0
1400;1400;1,0;0;0;3,0;1,5;0;8100;3;267000,0
1520;1520;1,5;0;0;3,0;1,0;0;7123;4;292600,0
1810;1810;3,0;0;0;5,0;2,0;0;3000;3;362000,0
2360;2360;2,0;0;0;2,0;1,5;0;11340;3;1087500,0
1210;1210;1,75;0;0;2,0;2,0;0;1032;3;357562,0
3420;1750;2,5;0;1670;3,0;1,0;0;25150;4;789900,0
1810;1810;2,5;0;0;3,0;2,0;0;4592;3;513000,0
2760;2760;2,25;0;0;3,0;1,0;0;10160;3;336000,0
1950;1330;2,25;0;620;4,0;1,0;0;9800;3;560000,0
3830;3830;2,5;0;0;3,0;2,0;0;48743;3;1150000,0
2060;1220;2,25;0;840;4,0;1,0;0;7283;3;410000,0
1650;980;1,0;0;670;3,0;1,0;0;6400;4;371500,0
2100;1030;1,75;0;1070;4,0;1,0;0;11942;3;368000,0
3720;1880;3,0;0;1840;4,0;1,0;0;57499;3;650000,0
1920;1920;2,5;2;0;4,0;2,0;0;8562;4;308950,0
1860;1860;2,0;2;0;3,0;2,0;0;217800;3;440000,0
2290;2290;2,5;0;0;2,0;2,0;0;3507;3;630000,0
1200;1200;1,75;0;0;3,0;1,0;0;9085;4;228950,0
5270;3440;3,5;0;1830;4,0;2,0;0;53428;3;782000,0
1600;1600;2,5;0;0;3,0;2,0;0;2788;4;245000,0
2560;2560;2,5;0;0;4,0;2,0;0;4020;3;410000,0
880;880;1,0;0;0;2,0;1,0;0;4000;3;427550,0
1020;1020;1,0;0;0;2,0;1,0;0;7920;3;235000,0
960;960;2,0;0;0;3,0;1,0;0;9380;3;210000,0
1900;1370;2,25;0;530;4,0;1,0;0;7200;3;485000,0
1320;1320;2,0;0;0;3,0;1,5;0;6000;4;410000,0
2230;1320;2,75;0;910;4,0;1,0;0;9640;3;435000,0
1150;1150;1,0;0;0;3,0;1,0;0;7314;3;300000,0
3440;3440;3,5;0;0;4,0;2,0;0;6000;4;455000,0
1070;1070;1,0;0;0;3,0;1,0;0;8179;3;210000,0
2250;1500;2,75;0;750;4,0;1,5;0;3433;3;1050000,0
1910;1910;2,5;0;0;4,0;1,0;0;10300;3;458400,0
1180;1180;1,75;0;0;3,0;1,0;0;16552;4;390000,0
1400;1400;1,0;0;0;3,0;1,0;0;7360;4;148226,0
3580;2370;3,0;0;1210;4,0;2,5;0;9316;3;711600,0
3176;2726;2,75;3;450;3,0;2,0;0;13391;4;819000,0
1170;1170;2,0;1;0;2,0;1,5;0;1890;4;613000,0
1570;1570;2,0;0;0;2,0;1,0;0;4665;3;592350,0
1460;1460;1,5;0;0;3,0;1,0;0;15000;3;232000,0
1140;1140;1,75;0;0;3,0;1,0;0;10400;4;250000,0
1150;1150;2,0;0;0;1,0;1,0;0;9812;4;115000,0
3180;2390;2,5;0;790;4,0;1,0;0;31931;4;1115000,0
2630;2630;2,5;0;0;4,0;2,0;0;6185;3;585000,0
1940;1520;2,25;0;420;3,0;1,0;0;5980;3;580000,0
850;850;1,0;0;0;1,0;1,0;0;8050;2;165000,0
1550;830;2,0;0;720;3,0;1,0;0;6039;5;430000,0
2090;2090;2,25;0;0;3,0;1,0;0;15000;3;383000,0
3960;2850;3,5;0;1110;4,0;2,0;0;6654;3;1195000,0
1320;1320;1,0;0;0;3,0;1,5;0;5000;3;201500,0
3220;3220;2,5;0;0;4,0;2,0;0;35400;3;690000,0
800;800;1,0;0;0;2,0;1,0;0;7260;3;325000,0
1660;1130;1,75;0;530;3,0;1,0;0;9673;3;375000,0
2250;2250;2,5;0;0;4,0;2,0;0;11370;3;600000,0
2120;2120;2,25;0;0;3,0;1,0;0;13090;3;340000,0
2310;2310;2,75;0;0;4,0;3,0;0;4020;5;890000,0
1920;1920;1,75;0;0;4,0;2,0;0;7700;4;415000,0
1550;1050;1,75;0;500;3,0;1,0;0;9720;3;255000,0
1785;1595;2,5;0;190;2,0;2,0;0;779;3;530000,0
1830;1830;1,5;0;0;3,0;1,0;0;9848;5;468000,0
3500;2950;2,75;2;550;5,0;2,0;0;5040;3;970000,0
2560;1330;2,0;0;1230;3,0;1,0;0;14680;3;599000,0
1360;1360;1,75;0;0;4,0;1,5;0;4840;4;399500,0
6500;5180;5,25;0;1320;4,0;2,0;0;14986;3;2458000,0
3150;3150;3,5;0;0;4,0;2,0;0;5500;3;1205000,0
810;810;1,0;0;0;2,0;1,0;0;4080;4;325000,0
7320;7320;4,0;0;0;5,0;2,0;0;217800;3;1135250,0
2790;1450;1,75;2;1340;4,0;1,0;0;17476;3;568000,0
1920;960;1,5;0;960;2,0;1,0;0;3408;4;517000,0
2530;2530;2,75;0;0;4,0;2,0;0;14178;3;469950,0
3490;2150;2,5;4;1340;3,0;2,0;1;8343;4;1675000,0
4710;3690;2,75;3;1020;6,0;2,0;0;11000;3;2180000,0
2050;2050;1,75;0;0;3,0;1,0;0;16313;2;623000,0
2410;2410;2,25;0;0;4,0;2,0;0;8400;5;720000,0
1180;1180;1,0;0;0;3,0;1,0;0;8240;4;205000,0
630;630;1,0;0;0;2,0;1,0;0;4200;3;148000,0
3480;1750;2,5;0;1730;3,0;1,0;0;7800;4;950000,0
1010;1010;1,5;0;0;3,0;1,5;0;7683;5;405000,0
1910;1910;2,25;0;0;3,0;2,0;0;3481;3;293000,0
2490;1720;3,5;0;770;3,0;2,0;0;3582;3;550000,0
2150;2150;2,5;0;0;4,0;2,0;0;3143;3;435000,0
3000;3000;2,75;0;0;4,0;2,0;0;5470;3;355000,0
2830;2830;2,75;0;0;3,0;2,0;0;3496;3;673000,0
2680;2680;2,5;0;0;4,0;2,0;0;5539;3;449990,0
1090;1090;1,5;0;0;2,0;2,0;0;2686;3;249000,0
1984;1564;2,5;0;420;4,0;1,0;0;32400;3;380000,0
3090;3090;2,75;0;0;4,0;2,0;0;5859;3;760005,0
2610;2610;2,5;0;0;4,0;2,0;0;5140;3;674600,0
3370;2750;3,5;0;620;4,0;2,0;0;3634;3;812000,0
2250;2250;2,5;0;0;4,0;2,0;0;3916;3;333490,0
1450;1180;3,25;0;270;3,0;2,0;0;1387;3;320000,0
3130;3130;2,5;0;0;4,0;2,0;0;10849;3;999000,0
2700;2700;2,75;0;0;2,0;1,0;0;8572;3;810000,0
1970;1320;2,75;0;650;5,0;1,0;0;5400;3;399950,0
1970;1270;2,0;3;700;3,0;2,0;0;4166;5;550000,0
1950;1950;1,5;0;0;3,0;1,0;0;15954;4;290000,0
1940;1140;1,5;0;800;3,0;1,0;0;9887;4;232500,0
3550;2260;3,5;2;1290;4,0;1,0;0;11000;3;1355000,0
2500;2500;2,5;0;0;3,0;2,0;0;7394;3;565000,0
2910;2210;2,75;0;700;4,0;1,0;0;18700;3;749950,0
3350;3350;2,5;0;0;4,0;2,0;0;35298;4;720500,0
2140;1490;1,75;0;650;3,0;1,0;0;40098;5;507000,0
4030;4030;4,5;0;0;5,0;2,0;0;13474;3;989000,0
1980;1980;2,5;0;0;4,0;2,0;0;6660;4;463000,0
1460;1460;1,5;0;0;3,0;1,0;0;9908;3;310000,0
1880;1130;1,75;0;750;4,0;1,0;0;8800;3;284000,0
2320;2320;1,75;0;0;3,0;2,0;0;10900;3;737500,0
2220;1770;3,25;0;450;3,0;1,5;0;8227;5;569000,0
1410;1410;1,0;0;0;3,0;2,0;0;7200;4;700000,0
1240;1240;1,0;0;0;3,0;1,0;0;3500;4;660000,0
2030;2030;2,0;0;0;4,0;2,0;0;8426;3;275000,0
4000;3080;3,75;2;920;6,0;2,0;0;6015;3;570000,0
490;490;0,75;0;0;3,0;1,5;0;38500;4;150000,0
1590;1590;2,5;0;0;3,0;2,0;0;3411;3;356000,0
2630;2630;2,5;0;0;3,0;2,0;0;5827;3;610000,0
1350;1350;1,75;0;0;2,0;1,0;0;4614;3;498800,0
990;990;1,0;0;0;3,0;1,0;0;4440;3;226550,0
3710;3710;2,75;0;0;4,0;2,0;0;7984;3;692500,0
990;990;1,0;0;0;3,0;1,0;0;8062;4;250000,0
2510;2510;2,5;0;0;4,0;2,0;0;4543;3;660000,0
800;800;1,0;0;0;2,0;1,0;0;6500;4;295000,0
1600;1600;1,0;0;0;4,0;1,0;0;10183;4;154950,0
3320;2480;3,25;0;840;5,0;2,0;0;11340;4;409124,0
1730;1010;1,5;0;720;5,0;1,0;0;9230;3;287000,0
2000;1000;1,75;4;1000;4,0;1,0;0;3988;4;810000,0
2910;1640;2,75;0;1270;4,0;1,0;0;6308;3;525000,0
1710;1710;1,75;0;0;4,0;1,0;0;10440;4;525000,0
1200;1200;1,0;0;0;3,0;1,0;0;7800;4;275000,0
2600;2600;2,5;1;0;3,0;2,0;0;5100;3;583000,0
1460;1460;1,75;0;0;2,0;1,0;0;7926;4;237950,0
4260;4260;3,75;0;0;4,0;2,0;0;9800;3;1065000,0
2100;1780;2,75;0;320;4,0;1,5;0;4480;4;679000,0
4230;2360;4,5;3;1870;6,0;2,0;0;6420;4;1465000,0
1660;830;1,75;0;830;3,0;1,0;0;6250;3;410000,0
1450;1010;1,0;0;440;3,0;1,0;0;7200;3;306000,0
1860;1860;1,5;0;0;4,0;1,5;0;5040;5;215000,0
2720;2720;2,5;0;0;4,0;2,0;0;10006;3;594950,0
2920;2030;2,5;3;890;4,0;1,0;0;5500;3;1250000,0
1800;1800;1,5;0;0;3,0;1,0;0;12196;4;305000,0
1320;1020;1,0;0;300;2,0;1,0;0;8830;3;425000,0
1770;1770;1,75;0;0;3,0;1,0;0;29004;3;215000,0
2550;1390;2,75;0;1160;5,0;1,0;0;7725;5;480000,0
2150;1110;1,75;0;1040;4,0;1,0;0;9000;4;550000,0
3020;3020;2,5;0;0;4,0;2,0;0;7465;3;750000,0
960;960;1,0;0;0;3,0;1,0;0;27442;4;137124,0
2783;2783;2,0;0;0;3,0;2,0;0;11177;3;840000,0
2250;1500;2,0;0;750;3,0;1,0;0;14274;4;624800,0
1710;1710;1,75;0;0;3,0;1,0;0;8767;4;630000,0
2650;1680;2,5;0;970;3,0;1,0;0;9380;5;590000,0
1830;1830;3,25;0;0;3,0;3,0;0;1804;3;599950,0
1460;1460;2,5;0;0;3,0;2,0;0;3044;3;299880,0
1760;1760;2,0;0;0;3,0;1,0;0;6875;4;400000,0
1960;1960;2,5;0;0;3,0;2,0;0;6058;3;560000,0
2010;1170;2,25;0;840;4,0;1,0;0;7688;3;229000,0
3670;3670;2,5;0;0;4,0;2,0;0;9958;3;525000,0
2290;2290;2,25;0;0;2,0;1,0;0;9772;3;737000,0
1780;980;2,0;0;800;3,0;1,0;0;5720;5;680000,0
3080;3080;2,5;0;0;4,0;2,0;0;35430;3;635000,0
3360;3360;2,5;0;0;4,0;2,0;0;15091;3;740000,0
1370;1370;1,0;0;0;3,0;2,0;0;6780;3;335500,0
1660;1660;2,5;0;0;4,0;1,0;0;8063;4;270000,0
4440;4440;3,5;0;0;4,0;2,0;0;10660;3;1037000,0
2850;1930;2,5;0;920;5,0;1,0;0;209523;4;450000,0
1530;1530;2,5;0;0;3,0;2,0;0;2913;4;379000,0
2100;1240;2,5;0;860;4,0;1,0;0;8400;4;468000,0
730;730;1,0;0;0;1,0;1,0;0;1942;3;321500,0
1920;1920;2,25;0;0;3,0;2,0;0;8223;4;443000,0
1600;1600;1,0;0;0;3,0;1,0;0;7324;4;340000,0
2380;1530;2,25;0;850;4,0;2,0;0;17199;3;470000,0
2760;2760;2,5;0;0;3,0;2,0;0;17377;3;545000,0
1840;1840;1,5;0;0;4,0;1,5;0;11367;4;415000,0
2580;1880;2,5;0;700;7,0;1,0;0;5750;4;599000,0
2100;1340;1,75;0;760;4,0;1,0;0;4750;3;759000,0
1820;1190;1,75;0;630;4,0;1,0;0;5015;4;300000,0
4830;3930;5,25;1;900;5,0;2,0;0;18707;5;1681000,0
1550;1080;1,5;0;470;3,0;1,0;0;4980;3;359000,0
1440;1440;1,0;0;0;4,0;1,5;0;3600;4;550000,0
930;930;1,0;0;0;2,0;1,0;0;6380;4;395000,0
3560;3560;2,5;0;0;4,0;2,0;0;12047;3;486000,0
840;840;1,0;0;0;2,0;1,0;0;11600;3;187000,0
4280;3050;3,25;0;1230;4,0;2,0;0;47179;3;734950,0
1500;1500;1,5;0;0;3,0;1,0;0;10018;4;284000,0
3650;2550;3,5;0;1100;4,0;2,0;0;38546;3;696000,0
780;780;1,0;0;0;2,0;1,0;0;3910;3;380000,0
1600;1600;1,0;0;0;4,0;1,5;0;5500;4;625000,0
1120;1120;1,75;0;0;4,0;1,0;0;8250;4;252000,0
1010;1010;1,0;0;0;2,0;1,0;0;9219;4;560000,0
1970;1970;2,75;0;0;4,0;1,0;0;37026;4;395000,0
2230;1540;2,5;0;690;4,0;2,0;0;4372;5;900000,0
4290;4290;3,0;0;0;5,0;2,0;0;20445;4;2680000,0
3160;2160;1,75;0;1000;3,0;1,0;0;76230;4;625000,0
1850;1020;1,75;0;830;3,0;1,0;0;5100;3;580000,0
1980;1300;2,25;0;680;3,0;1,0;0;8755;4;309000,0
3360;2450;3,5;0;910;4,0;2,0;0;9767;3;412000,0
2660;2660;2,0;0;0;3,0;1,0;0;192099;4;495000,0
1200;1200;1,0;0;0;3,0;1,0;0;7280;4;215000,0
2150;2150;2,5;0;0;2,0;1,0;0;5760;3;741500,0
2820;2820;2,75;0;0;3,0;2,0;0;5348;3;749000,0
3510;3510;2,75;0;0;4,0;2,0;0;9400;3;659950,0
1790;1790;2,5;0;0;3,0;2,0;0;3078;3;530000,0
2700;2100;2,75;0;600;4,0;2,0;0;6000;4;749000,0
5780;4260;4,75;0;1520;5,0;2,0;0;17004;3;2321000,0
3730;2760;3,25;0;970;4,0;2,0;0;4560;3;595000,0
2540;2540;2,5;0;0;4,0;2,0;0;5001;3;487000,0
3300;3300;2,25;0;0;4,0;3,0;0;8365;3;760000,0
5430;4010;3,5;2;1420;5,0;2,0;0;10327;3;1240000,0
2550;2550;2,5;0;0;4,0;2,0;0;5200;3;435000,0
1390;1390;2,25;0;0;3,0;3,0;0;1484;3;374950,0
1270;1270;1,5;0;0;3,0;3,0;0;1413;3;440000,0
2380;2380;2,5;0;0;4,0;2,0;0;5000;3;360000,0
3360;3360;2,5;0;0;4,0;2,0;0;22111;3;879000,0
6070;6070;4,25;0;0;5,0;2,0;0;171626;3;1550000,0
1240;1240;1,0;0;0;2,0;1,0;0;57000;3;505000,0
2930;1680;2,0;2;1250;2,0;1,0;0;14057;4;545000,0
2410;1940;2,5;0;470;2,0;1,0;0;102366;4;600000,0
2980;2480;2,75;0;500;6,0;1,5;0;5000;3;775000,0
1950;1010;1,75;0;940;2,0;1,0;0;2719;5;725000,0
2600;1580;2,75;0;1020;4,0;1,0;0;36583;5;610000,0
1170;1170;1,0;0;0;4,0;1,5;0;8147;3;350000,0
1470;1470;1,0;0;0;3,0;1,0;0;6500;4;410000,0
1840;920;2,0;0;920;4,0;1,0;0;5419;4;639000,0
1560;1560;2,0;0;0;4,0;1,0;0;7500;4;439000,0
1520;1520;1,75;0;0;4,0;1,0;0;7700;4;499950,0
2220;1700;2,75;0;520;3,0;2,0;0;4000;3;800000,0
2800;2800;2,5;0;0;4,0;2,0;0;9538;3;350000,0
670;670;1,0;0;0;2,0;1,0;0;6300;5;279000,0
1720;1720;2,25;0;0;3,0;2,0;0;7885;3;290256,0
2110;2110;2,5;0;0;3,0;2,0;0;4038;4;355000,0
1580;1180;1,75;0;400;3,0;1,0;0;9187;3;263000,0
2640;1760;2,5;0;880;6,0;2,0;0;3680;5;880000,0
2700;2700;2,5;0;0;4,0;2,0;0;6515;3;426500,0
2820;2820;2,5;0;0;3,0;2,0;0;8159;3;735000,0
3340;3340;2,5;2;0;4,0;2,0;0;8930;3;720000,0
1530;1530;2,5;0;0;3,0;2,0;0;6000;4;265000,0
3840;3840;3,5;0;0;4,0;2,0;0;85728;3;840000,0
2320;1510;2,0;0;810;3,0;1,0;0;10960;3;657500,0
2310;2310;2,0;0;0;5,0;1,5;0;13430;4;850000,0
1770;1600;2,5;0;170;3,0;3,0;0;1235;3;436110,0
3160;3160;3,0;0;0;2,0;2,0;0;66646;3;589900,0
1620;1280;1,5;0;340;3,0;1,0;0;6630;3;620000,0
1510;1510;2,0;0;0;4,0;1,0;0;4235;3;254000,0
960;960;1,75;0;0;3,0;1,0;0;8106;3;375000,0
1740;1170;2,25;0;570;4,0;1,0;0;8449;4;455000,0
1470;1470;2,0;0;0;4,0;1,0;0;8395;4;445000,0
2460;2460;2,5;0;0;4,0;2,0;0;4200;3;568500,0
1170;1170;1,75;0;0;3,0;1,0;0;8182;3;352500,0
1210;1210;1,75;0;0;2,0;1,0;0;7507;3;342500,0
1870;1870;2,5;0;0;3,0;2,0;0;7942;3;299950,0
1950;1950;2,5;0;0;3,0;2,0;0;5689;3;425000,0
2570;2570;2,5;0;0;4,0;2,0;0;5250;3;561000,0
1460;1460;2,0;0;0;3,0;1,0;0;10311;4;455500,0
2970;1510;2,5;0;1460;3,0;1,0;0;23100;3;400000,0
2040;2040;2,5;0;0;4,0;2,0;0;21781;3;443500,0
3240;2500;3,25;4;740;5,0;1,5;0;6551;4;1234582,0
3150;2250;2,75;0;900;4,0;1,0;0;67518;4;370000,0
1820;1240;2,25;0;580;3,0;1,0;0;8008;3;475000,0
2130;1490;2,5;0;640;4,0;1,0;0;35752;3;580000,0
1430;1430;1,5;0;0;3,0;1,0;0;8000;4;518000,0
2030;2030;2,5;0;0;3,0;2,0;0;6970;4;525000,0
2000;2000;2,75;0;0;4,0;2,0;0;5827;3;236000,0
1940;1940;2,25;0;0;4,0;2,0;0;6206;3;278500,0
880;880;1,75;0;0;2,0;1,0;0;6780;4;205425,0
950;950;1,0;0;0;3,0;1,0;0;9400;4;248000,0
1670;1220;2,25;0;450;3,0;2,0;0;1596;3;505000,0
2670;2670;2,5;0;0;3,0;2,0;0;10496;3;657500,0
2700;1280;2,5;0;1420;3,0;2,0;0;1438;3;670000,0
590;590;1,0;0;0;1,0;1,0;0;833;4;202000,0
2160;1080;2,25;0;1080;4,0;1,0;0;8119;3;440000,0
2700;2700;2,5;0;0;4,0;2,0;0;8810;3;690000,0
3206;3206;2,25;0;0;6,0;2,0;0;5793;3;375000,0
1560;1560;1,75;0;0;3,0;1,0;0;9788;3;291000,0
1400;1400;1,75;0;0;3,0;1,0;0;6956;4;230000,0
3090;3090;3,25;4;0;4,0;2,0;0;6744;3;850000,0
2630;2630;2,0;0;0;4,0;2,0;0;16475;4;84350,0
2100;1050;1,0;0;1050;4,0;1,0;0;9200;3;2110000,0
1120;1120;1,5;0;0;4,0;1,0;0;5427;3;2199900,0
3260;2170;2,75;0;1090;4,0;1,0;0;19542;4;188000,0
780;780;1,0;0;0;2,0;1,0;0;16344;1;7800,0
2200;2200;2,5;0;0;4,0;2,0;0;9397;3;237227,857143
1340;1340;1,0;0;0;3,0;1,0;0;306848;3;117833,333333
2800;1660;2,5;0;1140;4,0;1,0;0;5900;3;744312,5
3020;2080;3,5;0;940;3,0;2,0;0;4082;3;439333,333333
1970;1180;2,25;0;790;3,0;1,0;0;11088;4;280000,0
1570;1570;2,0;0;0;3,0;1,0;0;7200;4;176225,0
2280;1880;2,5;0;400;3,0;2,0;0;2289;3;500324,0
1600;1600;2,5;0;0;3,0;2,0;0;3573;3;444845,0
1680;1680;3,0;0;0;3,0;3,0;0;1570;3;330000,0
1890;1890;1,75;0;0;3,0;1,0;0;13860;5;292285,714286
520;520;1,0;0;0;2,0;1,0;0;22334;2;160000,0
1780;1780;2,25;2;0;3,0;2,0;0;191228;3;274333,333333
2920;1460;3,0;3;1460;4,0;1,0;0;33976;5;537500,0
2430;2430;2,25;0;0;3,0;1,0;0;73151;3;232333,333333
3010;3010;2,75;0;0;3,0;2,0;0;1842;3;237333,333333
1620;1620;1,0;0;0;3,0;1,5;0;30736;4;346750,0
2950;2950;2,25;0;0;3,0;1,5;0;78843;3;1020000,0
1770;1160;1,5;0;610;3,0;1,0;0;17208;3;254000,0
1830;1830;1,0;0;0;3,0;1,0;0;8209;3;238750,0
2380;2380;2,5;0;0;4,0;2,0;0;7066;4;268971,875
2550;1290;2,5;0;1260;4,0;1,0;0;10000;3;642000,0
3720;3720;2,5;0;0;3,0;2,0;0;11610;3;571986,111111
1490;1490;2,5;0;0;3,0;3,0;0;1709;3;554250,0
1590;1590;1,5;3;0;4,0;1,0;0;131551;4;107500,0
1510;1230;2,0;2;280;3,0;1,0;0;7066;3;300000,0
1640;1640;2,0;0;0;3,0;1,0;0;9972;4;540833,333333
1840;1400;2,5;0;440;4,0;2,0;0;1562;3;274750,0
1040;1040;1,0;0;0;3,0;1,0;0;5000;3;148612,5
1250;1250;1,0;0;0;3,0;1,0;0;4800;4;326428,571429
1530;1400;1,0;0;130;4,0;1,5;0;7200;3;135333,333333
2110;2110;2,5;0;0;4,0;2,0;0;3750;3;577437,5
2150;1200;1,75;0;950;3,0;1,0;0;4333;3;440825,0
5340;3740;3,75;3;1600;5,0;2,5;0;10655;4;195000,0
2420;1480;1,75;0;940;4,0;1,0;0;7672;3;257500,0
5010;5010;3,25;0;0;4,0;2,0;0;34460;3;692000,0
910;910;1,0;0;0;2,0;1,0;0;9612;4;176400,0
2200;2200;1,5;0;0;3,0;1,5;0;5000;3;193000,0
3430;3430;2,5;0;0;4,0;2,0;0;64441;3;646212,5
1860;1220;2,5;0;640;4,0;1,0;0;6687;4;268971,875
1280;1280;1,75;0;0;3,0;1,0;0;10716;4;317061,875
1490;1490;2,0;0;0;3,0;1,0;0;7770;4;83300,0
1310;1160;1,0;0;150;4,0;1,5;0;5200;3;266066,666667
1980;1980;2,5;0;0;4,0;2,0;0;7403;3;342246,428571
1720;1720;2,25;0;0;4,0;1,0;0;8300;4;240015,333333
1370;1370;2,0;0;0;3,0;1,0;0;78408;5;83300,0
4060;2030;3,0;0;2030;4,0;1,0;0;35621;3;316850,0
1960;1960;2,5;0;0;4,0;2,0;0;9898;3;259585,571429
1720;1120;2,5;0;600;4,0;1,0;0;9600;3;328211,904762
2740;2740;2,5;0;0;4,0;2,0;0;12899;4;673476,818182
1870;1870;2,5;0;0;3,0;2,0;0;5449;3;425000,0
720;720;1,0;0;0;2,0;1,0;0;4222;4;127160,0
2180;2180;2,25;0;0;3,0;2,0;0;7741;3;341750,0
1430;1430;1,5;0;0;3,0;1,0;0;8960;4;178650,0
780;780;1,0;0;0;2,0;1,0;0;6685;4;87500,0
1180;1180;1,0;0;0;3,0;1,5;0;5002;3;282508,888889
1300;900;2,0;0;400;3,0;1,0;0;3731;3;450385,714286
4260;4260;3,0;2;0;4,0;2,0;0;18000;3;435000,0
2050;2050;1,75;0;0;2,0;1,0;0;11900;4;532500,0
2930;2030;1,75;0;900;3,0;1,0;0;19876;3;408900,0
1500;880;1,0;0;620;2,0;1,5;0;4120;3;156766,666667
5960;4770;3,5;2;1190;5,0;2,0;0;13703;3;452500,0
810;810;1,0;0;0;2,0;1,0;0;4800;3;308830,769231
2320;2320;2,75;0;0;4,0;2,0;0;4344;3;484991,666667
1090;730;1,0;0;360;2,0;1,0;0;5000;4;287919,782609
1000;1000;1,0;0;0;2,0;1,0;0;4776;4;247875,0
2260;2260;2,5;0;0;3,0;2,0;0;19821;3;309487,5
1290;1290;1,0;0;0;4,0;1,5;0;5000;3;173666,666667
2120;2120;2,0;0;0;3,0;1,0;0;7560;3;237481,25
1490;1490;2,25;0;0;3,0;2,0;0;4522;3;326983,333333
2310;2310;2,5;0;0;4,0;2,0;0;5100;3;790000,0
1840;920;2,5;0;920;3,0;1,0;0;3035;3;678333,333333
2910;1590;2,75;0;1320;5,0;1,0;0;36250;3;542804,75
3270;3270;2,75;0;0;4,0;2,0;0;12880;3;723243,75
3040;3040;2,75;0;0;5,0;2,0;0;10257;3;667781,25
1200;1200;1,0;0;0;3,0;1,0;0;9936;4;108333,333333
2290;2120;2,25;0;170;4,0;2,0;0;5350;4;535000,0
2580;1300;2,0;0;1280;4,0;1,0;0;6000;5;596165,428571
1590;1590;1,75;0;0;3,0;1,5;0;27200;4;269187,5
1040;1040;1,0;0;0;3,0;2,0;0;6860;3;148612,5
2670;2670;2,75;0;0;5,0;2,0;0;3800;3;341166,666667
1540;1540;1,0;0;0;4,0;1,5;0;115434;4;132500,0
3370;3370;2,75;0;0;4,0;2,0;0;12447;3;557125,0
1730;1730;1,75;0;0;3,0;1,0;0;11325;5;228944,444444
1640;1640;2,5;0;0;3,0;2,0;0;29970;3;592105,714286
2980;2020;2,25;2;960;4,0;1,5;0;8051;4;535000,0
1330;1330;2,0;0;0;3,0;1,0;0;8100;4;420642,857143
2192;2192;2,25;0;0;4,0;2,0;0;12128;3;132250,0
2068;2068;2,5;0;0;4,0;2,0;0;7242;4;237227,857143
1980;1090;1,75;1;890;3,0;1,0;0;6250;5;440825,0
1710;1300;2,5;0;410;3,0;2,0;0;1664;5;2560498,33333
890;890;1,0;0;0;2,0;1,0;0;4590;3;423050,925926
4280;4280;3,5;0;0;4,0;2,0;0;9583;3;1337044,2
3080;3080;2,5;0;0;3,0;2,0;0;12476;3;315368,7
2070;2070;2,25;0;0;4,0;2,0;0;7500;4;417985,714286
3010;3010;2,75;0;0;4,0;2,0;0;7215;3;723243,75
2030;2030;2,0;0;0;4,0;1,0;0;9300;4;259950,0
2340;1500;2,75;0;840;3,0;1,0;0;16500;4;237333,333333
2340;2340;2,5;0;0;3,0;2,0;0;5957;3;426090,0
1470;1020;1,0;0;450;2,0;1,0;0;7137;3;458663,888889
3700;2620;2,5;4;1080;4,0;1,0;0;21755;3;812650,0
1200;1200;1,0;0;0;4,0;1,5;0;7200;3;135333,333333
1590;970;1,75;0;620;3,0;1,5;0;8219;5;387884,615385
3690;2540;3,5;0;1150;5,0;2,0;0;11928;3;437500,0
2480;2480;2,5;0;0;3,0;2,0;0;5137;3;641633,333333
2683;2683;2,5;0;0;4,0;2,0;0;40386;4;681965,78125
1100;1100;1,0;0;0;2,0;1,0;0;8281;4;229629,5
2210;1450;2,5;0;760;3,0;1,0;0;10119;4;210614,285714
2420;1870;3,25;0;550;4,0;1,5;0;4000;5;790000,0
1240;1000;3,5;0;240;3,0;2,0;0;1666;3;435500,0
2300;1510;2,5;0;790;3,0;1,5;0;3060;3;738190,857143
1760;1230;1,75;0;530;3,0;1,0;0;12874;4;497333,333333
2020;1220;2,0;0;800;3,0;1,0;0;8555;4;300000,0
2500;1960;3,25;0;540;4,0;1,5;0;5801;3;1036200,0
760;760;1,0;0;0;2,0;1,5;0;5500;3;163785,714286
1580;1130;1,75;0;450;4,0;1,0;0;5340;3;351250,0
2670;2670;2,5;0;0;3,0;2,0;0;10481;3;645325,0
1140;1140;1,0;0;0;3,0;1,0;0;8366;5;171224,8
2750;1810;2,75;2;940;3,0;1,0;0;18029;5;540000,0
1570;1050;2,0;2;520;3,0;2,0;0;7000;4;233166,666667
1160;1160;1,75;0;0;3,0;1,0;0;22470;4;329333,333333
2110;1360;2,25;0;750;3,0;1,0;0;7665;4;225279,428571
1270;1270;2,5;0;0;3,0;2,0;0;2509;3;331366,666667
3250;3250;2,5;0;0;4,0;2,0;0;4500;3;460886,923077
940;940;1,0;0;0;2,0;1,0;0;9839;3;337945,75
1130;1130;1,0;0;0;3,0;1,0;0;12519;3;243069,230769
3210;3210;2,5;0;0;4,0;2,0;0;14910;3;690408,62069
2650;2650;2,5;0;0;3,0;2,0;0;40705;3;592105,714286
1150;1150;1,75;0;0;3,0;1,0;0;8079;4;220083,333333
3910;3910;3,0;0;0;3,0;2,0;0;19023;3;280000,0
3490;3490;2,5;0;0;4,0;2,0;0;5000;3;297857,142857
3330;2610;3,0;0;720;5,0;2,0;0;19126;4;950833,333333
1940;1940;1,0;0;0;4,0;1,5;0;5753;3;323833,333333
1800;1800;2,5;0;0;3,0;2,0;0;2700;3;309000,0
1880;1330;1,75;0;550;3,0;1,0;0;11249;3;248400,0
2870;1980;2,25;0;890;4,0;1,5;0;6280;4;994500,0
3390;1750;2,5;0;1640;5,0;1,0;0;9760;5;288500,0
880;880;1,0;0;0;2,0;1,0;0;6413;3;379509,166667
2550;1610;1,0;1;940;2,0;1,0;0;21675;4;180785,714286
3160;3160;2,5;0;0;4,0;2,0;0;13194;5;950100,0
3831;3831;2,75;4;0;5,0;2,0;1;13800;3;542500,0
1240;1240;1,75;0;0;2,0;1,5;0;3000;3;362750,0
2520;2520;2,75;0;0;4,0;2,0;0;14021;3;234975,0
2420;2420;2,25;0;0;4,0;2,0;0;10200;4;672500,0
1250;1250;1,75;0;0;4,0;1,0;0;7400;5;391400,0
1410;1410;1,0;0;0;3,0;1,0;0;8053;4;198995,0
990;990;1,0;0;0;3,0;1,0;0;9798;3;278900,0
1000;1000;1,0;0;0;3,0;1,0;0;8512;3;171758,333333
2000;1300;1,75;0;700;3,0;1,0;0;7560;4;325187,5
1120;1120;1,0;0;0;2,0;1,0;0;5650;3;190368,75
3370;3370;3,25;0;0;5,0;2,0;0;7947;3;375000,0
2210;2210;2,75;0;0;3,0;2,0;0;4000;3;216000,0
1150;1150;2,5;0;0;3,0;3,0;0;887;3;360500,0
2150;2150;2,5;0;0;4,0;2,0;0;27540;3;677099,565217
4230;4230;2,75;0;0;4,0;2,0;0;31747;4;405125,0
1570;1080;1,75;0;490;3,0;1,0;0;15330;3;289987,5
1630;1120;2,5;0;510;3,0;1,0;0;7700;3;264270,0
2770;2770;2,5;0;0;4,0;2,0;0;10274;3;602761,0
1750;1150;1,0;0;600;3,0;1,0;0;7800;4;251555,555556
1090;1090;1,5;0;0;3,0;1,0;0;8160;3;214750,0
930;930;1,0;0;0;2,0;1,0;0;7740;3;258125,0
2540;2540;2,5;0;0;4,0;2,0;0;38677;3;677099,565217
690;690;1,0;0;0;1,0;1,0;0;1950;3;167500,0
2370;1650;3,0;0;720;4,0;1,5;0;3672;5;471500,0
840;840;1,0;2;0;2,0;1,0;0;3400;4;464600,0
1830;1830;2,25;0;0;4,0;2,0;0;8734;4;132250,0
1370;1370;2,25;0;0;3,0;3,0;0;1524;3;433111,111111
2520;1570;2,75;3;950;5,0;1,0;0;16100;4;542500,0
2590;2590;2,5;0;0;4,0;2,0;0;8483;3;368112,5
1820;1820;2,5;0;0;4,0;2,0;0;20011;3;673476,818182
1530;1010;2,5;0;520;3,0;1,5;0;3210;5;558653,846154
1050;1050;1,0;0;0;2,0;1,5;0;6600;3;168333,333333
1954;1954;2,5;0;0;4,0;2,0;0;4805;3;268971,875
1530;830;1,75;1;700;2,0;1,0;0;3503;4;318000,0
1660;1660;2,0;0;0;4,0;1,5;0;4800;3;550607,142857
3830;3050;4,5;0;780;6,0;3,0;0;4800;3;1288333,33333
1490;1090;1,75;0;400;3,0;2,0;0;1036;3;584000,0
2470;1860;3,0;0;610;3,0;2,0;0;7410;5;245000,0
870;870;1,0;0;0;2,0;1,0;0;4600;4;287919,782609
2110;2110;2,25;0;0;4,0;2,0;0;12653;4;672500,0
1990;1090;1,75;0;900;2,0;1,0;0;4000;5;454790,0
1560;910;1,0;0;650;3,0;1,0;0;7552;4;282508,888889
1740;1640;1,5;0;100;3,0;1,5;0;4200;4;473200,0
1290;1290;1,0;0;0;2,0;1,0;0;4650;4;406062,5
1700;850;2,0;0;850;4,0;1,0;0;8640;3;282766,666667
1880;1880;1,75;0;0;3,0;1,0;0;10032;4;486445,833333
1890;1390;1,0;0;500;3,0;1,5;0;3330;4;486895,0
1620;1540;2,25;0;80;3,0;3,0;0;1075;3;430277,777778
770;770;1,0;0;0;2,0;1,0;0;8149;3;229629,5
1040;800;1,0;0;240;3,0;1,0;0;8892;4;182805,0
2620;2620;2,5;0;0;4,0;2,0;0;8331;3;380680,555556
1880;940;1,75;0;940;3,0;1,0;0;5752;4;396166,666667
2530;2530;2,5;0;0;4,0;2,0;0;8169;3;252980,0
2538;2538;2,5;0;0;3,0;2,0;0;4600;3;289373,307692
1610;1610;2,5;0;0;3,0;2,0;0;7223;3;210614,285714
1510;1510;1,75;0;0;3,0;1,0;0;6360;4;308166,666667
1460;1460;2,5;0;0;3,0;2,0;0;7573;3;534333,333333
3010;3010;2,5;0;0;3,0;2,0;0;7014;3;416904,166667
2090;1070;2,0;0;1020;4,0;1,0;0;6630;3;203400,0
1490;1490;2,5;0;0;3,0;2,0;0;8102;4;220600,0
